title	meaning	menu_1	menu_2	menu_3	menu_4	menu_5	description	EXPORT_GISAID	EXPORT_CNPHI	EXPORT_NML_LIMS	EXPORT_BIOSAMPLE	EXPORT_VirusSeq_Portal
												
null value menu	GENEPIO:0001619	Not Applicable										
	GENEPIO:0001618	Missing										
	GENEPIO:0001620	Not Collected										
	GENEPIO:0001668	Not Provided										
	GENEPIO:0001810	Restricted Access										
												
geo_loc_name (state/province/territory) menu	GAZ:00002566	Alberta										
	GAZ:00002562	British Columbia										
	GAZ:00002571	Manitoba										
	GAZ:00002570	New Brunswick										
	GAZ:00002567	Newfoundland and Labrador										
	GAZ:00002575	Northwest Territories										
	GAZ:00002565	Nova Scotia										
	GAZ:00002574	Nunavut										
	GAZ:00002563	Ontario										
	GAZ:00002572	Prince Edward Island										
	GAZ:00002569	Quebec										
	GAZ:00002564	Saskatchewan										
	GAZ:00002576	Yukon										
												
												
sample collection date precision menu	UO:0000036	year										
	UO:0000035	month										
	UO:0000033	day										
												
												
NML submitted specimen type menu	UBERON:0006314	Bodily fluid										
	OBI:0001051	DNA										
	OBI:0001010	Nucleic acid										
	OBI:0000880	RNA										
	OBI:0002600	Swab										
	UBERON:0000479	Tissue										
	GENEPIO:0001619	Not Applicable										
												
												
												
Related specimen relationship type menu	HP:0011009	Acute										
		Convalescent										
		Familial										
	EFO:0009642	Follow-up										
			Reinfection testing									
		Previously Submitted										
		Sequencing/bioinformatics methods development/validation										
		Specimen sampling methods testing										
												
anatomical material menu	UBERON:0000178	Blood										
	UBERON:0010210		Blood clot									
	UBERON:0001977		Blood serum									
	UBERON:0001969		Blood plasma									
	NCIT:C41067		Whole blood									
	UBERON:0006314	Fluid										
	UBERON:0001836		Saliva									
	UBERON:0001359		Fluid (cerebrospinal (CSF))									
	UBERON:0002409		Fluid (pericardial)									
	UBERON:0001087		Fluid (pleural)									
	UBERON:0036243		Fluid (vaginal)									
	UBERON:0000173		Fluid (amniotic)									
	NCIT:C3824	Lesion										
	NCIT:C43278		Lesion (Macule)									
	NCIT:C39690		Lesion (Papule)									
	NCIT:C78582		Lesion (Pustule)									
	GENEPIO:0100490		Lesion (Scab)									
	GENEPIO:0100491		Lesion (Vesicle)									
	SYMP:0000487	Rash										
	NCIT:C3426	Ulcer										
	UBERON:0000479	Tissue										
	NCIT:C3671		Wound tissue (injury)									
												
anatomical material international menu	UBERON:0000178	Blood [UBERON:0000178]										
	UBERON:0010210		Blood clot [UBERON:0010210]									
	UBERON:0001977		Blood serum [UBERON:0001977]									
	UBERON:0001969		Blood plasma [UBERON:0001969]									
	NCIT:C41067		Whole blood [NCIT:C41067]									
	UBERON:0006314	Fluid [UBERON:0006314]										
	UBERON:0001836		Saliva [UBERON:0001836]									
	UBERON:0001359		Fluid (cerebrospinal (CSF)) [UBERON:0001359]									
	UBERON:0002409		Fluid (pericardial) [UBERON:0002409]									
	UBERON:0001087		Fluid (pleural) [UBERON:0001087]									
	UBERON:0036243		Fluid (vaginal) [UBERON:0036243]									
	UBERON:0000173		Fluid (amniotic) [UBERON:0000173]									
	NCIT:C3824	Lesion [NCIT:C3824]										
	NCIT:C43278		Lesion (Macule) [NCIT:C43278]									
	NCIT:C39690		Lesion (Papule) [NCIT:C39690]									
	NCIT:C78582		Lesion (Pustule) [NCIT:C78582]									
	GENEPIO:0100490		Lesion (Scab) [GENEPIO:0100490]									
	GENEPIO:0100491		Lesion (Vesicle) [GENEPIO:0100491]									
	SYMP:0000487	Rash [SYMP:0000487]										
	NCIT:C3426	Ulcer [NCIT:C3426]										
	UBERON:0000479	Tissue [UBERON:0000479]										
	NCIT:C3671		Wound tissue (injury) [NCIT:C3671]									
												
												
anatomical part menu	UBERON:0001245	Anus										
	UBERON:0012336		Perianal skin									
	UBERON:0001460	Arm										
	NCIT:C32628		Arm (forearm)									
	UBERON:0001461		Elbow									
	FMA:14181	Back										
	UBERON:0013691	Buttock										
	UBERON:0000002	Cervix										
	UBERON:0001443	Chest										
	BTO:0000476	Foot										
	BTO:0003358	Genital area										
	UBERON:0000989		Penis									
	UBERON:0035651			Glans (tip of penis)								
	UBERON:0001332			Prepuce of penis (foreskin)								
	UBERON:0002356		Perineum									
	UBERON:0001300		Scrotum									
	UBERON:0000996		Vagina									
	UBERON:0002530	Gland										
	BTO:0004668	Hand										
	FMA:9666		Finger									
	FMA:24920		Hand (palm)									
	UBERON:0000033	Head										
	UBERON:0006956		Buccal mucosa									
	UBERON:0001567		Cheek									
	UBERON:0001690		Ear									
	NCIT:C103848			Preauricular region								
	UBERON:0000970		Eye									
	UBERON:0001456		Face									
	UBERON:0008200		Forehead									
	UBERON:0001833		Lip									
	UBERON:0011595		Jaw									
	UBERON:0001723		Tongue									
	UBERON:0013203	Hypogastrium (suprapubic region)										
	UBERON:0000978	Leg										
	UBERON:0001512		Ankle									
	UBERON:0001465		Knee									
	UBERON:0000376		Thigh									
	GENEPIO:0100492	Lower body										
	UBERON:0001707	Nasal Cavity										
	UBERON:2001427		Anterior Nares									
	UBERON:0005921		Inferior Nasal Turbinate									
	UBERON:0005922		Middle Nasal Turbinate									
	UBERON:0000974	Neck										
	UBERON:0000341		Pharynx (throat)									
	UBERON:0001728			Nasopharynx (NP)								
	UBERON:0001729			Oropharynx (OP)								
	UBERON:0003126		Trachea									
	UBERON:0001052	Rectum										
	UBERON:0001467	Shoulder										
	UBERON:0001003	Skin										
												
												
												
												
anatomical part international menu	UBERON:0001245	Anus [UBERON:0001245]										
	UBERON:0012336		Perianal skin [UBERON:0012336]									
	UBERON:0001460	Arm [UBERON:0001460]										
	NCIT:C32628		Arm (forearm) [NCIT:C32628]									
	UBERON:0001461		Elbow [UBERON:0001461]									
	FMA:14181	Back [FMA:14181]										
	UBERON:0013691	Buttock [UBERON:0013691]										
	UBERON:0000002	Cervix [UBERON:0000002]										
	UBERON:0001443	Chest [UBERON:0001443]										
	BTO:0000476	Foot [BTO:0000476]										
	BTO:0003358	Genital area [BTO:0003358]										
	UBERON:0000989		Penis [UBERON:0000989]									
	UBERON:0035651			Glans (tip of penis) [UBERON:0035651]								
	UBERON:0001332			Prepuce of penis (foreskin)								
	UBERON:0002356		Perineum [UBERON:0002356]									
	UBERON:0001300		Scrotum [UBERON:0001300]									
	UBERON:0000996		Vagina [UBERON:0000996]									
	UBERON:0002530	Gland [UBERON:0002530]										
	BTO:0004668	Hand [BTO:0004668]										
	FMA:9666		Finger [FMA:9666]									
	FMA:24920		Hand (palm) [FMA:24920]									
	UBERON:0000033	Head [UBERON:0000033]										
	UBERON:0006956		Buccal mucosa [UBERON:0006956]									
	UBERON:0001567		Cheek [UBERON:0001567]									
	UBERON:0001690		Ear [UBERON:0001690]									
	NCIT:C103848			Preauricular region [NCIT:C103848]								
	UBERON:0000970		Eye [UBERON:0000970]									
	UBERON:0001456		Face [UBERON:0001456]									
	UBERON:0008200		Forehead [UBERON:0008200]									
	UBERON:0001833		Lip [UBERON:0001833]									
	UBERON:0011595		Jaw [UBERON:0011595]									
	UBERON:0001723		Tongue [UBERON:0001723]									
	UBERON:0013203	Hypogastrium (suprapubic region) [UBERON:0013203]										
	UBERON:0000978	Leg [UBERON:0000978]										
	UBERON:0001512		Ankle [UBERON:0001512]									
	UBERON:0001465		Knee [UBERON:0001465]									
	UBERON:0000376		Thigh [UBERON:0000376]									
	GENEPIO:0100492	Lower body [GENEPIO:0100492]										
	UBERON:0001707	Nasal Cavity [UBERON:0001707]										
	UBERON:2001427		Anterior Nares [UBERON:2001427]									
	UBERON:0005921		Inferior Nasal Turbinate [UBERON:0005921]									
	UBERON:0005922		Middle Nasal Turbinate [UBERON:0005922]									
	UBERON:0000974	Neck [UBERON:0000974]										
	UBERON:0000341		Pharynx (throat) [UBERON:0000341]									
	UBERON:0001728			Nasopharynx (NP) [UBERON:0001728]								
	UBERON:0001729			Oropharynx (OP) [UBERON:0001729]								
	UBERON:0003126		Trachea [UBERON:0003126]									
	UBERON:0001052	Rectum [UBERON:0001052]										
	UBERON:0001467	Shoulder [UBERON:0001467]										
	UBERON:0001003	Skin [UBERON:0001003]										
												
												
												
body product menu	UBERON:0001913	Breast Milk										
	UBERON:0001988	Feces										
	SYMP:0000651	Fluid (discharge)										
	UBERON:0000177		Pus									
	UBERON:0006530	Fluid (seminal)										
	UBERON:0000912	Mucus										
	UBERON:0007311		Sputum									
	UBERON:0001089	Sweat										
	UBERON:0001827	Tear										
	UBERON:0001088	Urine										
												
body product international menu	UBERON:0001913	Breast Milk [UBERON:0001913]										
	UBERON:0001988	Feces [UBERON:0001988]										
	SYMP:0000651	Fluid (discharge) [SYMP:0000651]										
	UBERON:0000177		Pus [UBERON:0000177]									
	UBERON:0006530	Fluid (seminal) [UBERON:0006530]										
	UBERON:0000912	Mucus [UBERON:0000912]										
	UBERON:0007311		Sputum [UBERON:0007311]									
	UBERON:0001089	Sweat [UBERON:0001089]										
	UBERON:0001827	Tear [UBERON:0001827]										
	UBERON:0001088	Urine [UBERON:0001088]										
												
environmental material international menu		Animal carcass										
	GSSO:005304	Bedding (Bed linen)										
	GSSO:003405	Clothing										
		Drinkware										
		Tableware										
			Dish									
			Utensil									
												
												
collection method menu	NCIT:C52009	Amniocentesis										
	NCIT:C15631	Aspiration										
	GENEPIO:0100028		Suprapubic Aspiration									
	GENEPIO:0100029		Tracheal aspiration									
	GENEPIO:0100030		Vacuum Aspiration									
	OBI:0002650	Biopsy										
	OBI:0002651		Needle Biopsy									
	OBI:0302885	Filtration										
	GENEPIO:0100031		Air filtration									
	OBI:0600044	Lavage										
	GENEPIO:0100032		Bronchoalveolar lavage (BAL)									
	GENEPIO:0100033		Gastric Lavage									
	NCIT:C15327	Lumbar Puncture										
	MMO:0000344	Necropsy										
	NCIT:C28221	Phlebotomy										
	GENEPIO:0002116	Rinsing										
	GENEPIO:0100034		Saline gargle (mouth rinse and gargle)									
	GENEPIO:0100035	Scraping										
	GENEPIO:0002117	Swabbing										
	GENEPIO:0100036		Finger Prick									
	NCIT:C15392	Thoracentesis (chest tap)										
												
collection method international menu	NCIT:C52009	Amniocentesis [NCIT:C52009]										
	NCIT:C15631	Aspiration [NCIT:C15631]										
	GENEPIO:0100028		Suprapubic Aspiration [GENEPIO:0100028]									
	GENEPIO:0100029		Tracheal aspiration [GENEPIO:0100029]									
	GENEPIO:0100030		Vacuum Aspiration [GENEPIO:0100030]									
	OBI:0002650	Biopsy [OBI:0002650]										
	OBI:0002651		Needle Biopsy [OBI:0002651]									
	OBI:0302885	Filtration [OBI:0302885]										
	GENEPIO:0100031		Air filtration [GENEPIO:0100031]									
	OBI:0600044	Lavage [OBI:0600044]										
	GENEPIO:0100032		Bronchoalveolar lavage (BAL) [GENEPIO:0100032]									
	GENEPIO:0100033		Gastric Lavage [GENEPIO:0100033]									
	NCIT:C15327	Lumbar Puncture [NCIT:C15327]										
	MMO:0000344	Necropsy [MMO:0000344]										
	NCIT:C28221	Phlebotomy [NCIT:C28221]										
	GENEPIO:0002116	Rinsing [GENEPIO:0002116]										
	GENEPIO:0100034		Saline gargle (mouth rinse and gargle) [GENEPIO:0100034]									
	GENEPIO:0100035	Scraping [GENEPIO:0100035]										
	GENEPIO:0002117	Swabbing [GENEPIO:0002117]										
	GENEPIO:0100036		Finger Prick [GENEPIO:0100036]									
	NCIT:C15392	Thoracentesis (chest tap) [NCIT:C15392]										
												
												
collection device menu	OBI:0002859	Blood Collection Tube										
	OBI:0002826	Bronchoscope										
	OBI:0002088	Collection Container										
	GENEPIO:0100026	Collection Cup										
	GENEPIO:0100103	Filter										
	OBI:0000436	Needle										
	OBI:0002860	Serum Collection Tube										
	OBI:0002861	Sputum Collection Tube										
	OBI:0002831	Suction Catheter										
	GENEPIO:0100027	Swab										
	GENEPIO:0100493		Dry swab									
	OBI:0002862	Urine Collection Tube										
	GENEPIO:0100509	Universal Transport Medium (UTM)										
	OBI:0002866	Virus Transport Medium										
												
												
collection device international menu	OBI:0002859	Blood Collection Tube [OBI:0002859]										
	OBI:0002826	Bronchoscope [OBI:0002826]										
	OBI:0002088	Collection Container [OBI:0002088]										
	GENEPIO:0100026	Collection Cup [GENEPIO:0100026]										
	GENEPIO:0100103	Filter [GENEPIO:0100103]										
	OBI:0000436	Needle [OBI:0000436]										
	OBI:0002860	Serum Collection Tube [OBI:0002860]										
	OBI:0002861	Sputum Collection Tube [OBI:0002861]										
	OBI:0002831	Suction Catheter [OBI:0002831]										
	GENEPIO:0100027	Swab [GENEPIO:0100027]										
	GENEPIO:0100493		Dry swab [GENEPIO:0100493]									
	OBI:0002862	Urine Collection Tube [OBI:0002862]										
	GENEPIO:0100509	Universal Transport Medium (UTM) [GENEPIO:0100509]										
	OBI:0002866	Virus Transport Medium [OBI:0002866]										
												
												
specimen processing menu	GENEPIO:0100039	Virus passage										
	GENEPIO:0100040	RNA re-extraction (post RT-PCR)										
	OBI:0600016	Specimens pooled										
												
specimen processing international menu	GENEPIO:0100039	Virus passage [GENEPIO:0100039]										
	GENEPIO:0100040	RNA re-extraction (post RT-PCR) [GENEPIO:0100040]										
	OBI:0600016	Specimens pooled [OBI:0600016]										
												
												
host (common name) menu	NCBITaxon:9606	Human										
												
host (common name) international menu	NCBITaxon:9606	Human [NCBITaxon:9606]										
	NCBITaxon:9989	Rodent										
	NCBITaxon:10090		Mouse									
			Prairie Dog									
	NCBITaxon:10116		Rat									
	FOODON:03411389		Squirrel									
												
host (scientific name) menu	NCBITaxon:9606	Homo sapiens										
												
host (scientific name) international menu	NCBITaxon:9606	Homo sapiens [NCBITaxon:9606]										
												
host health state menu	NCIT:C3833	Asymptomatic										
	NCIT:C28554	Deceased										
	NCIT:C115935	Healthy										
	NCIT:C49498	Recovered										
	NCIT:C25269	Symptomatic										
												
host health state international menu	NCIT:C3833	Asymptomatic [NCIT:C3833]										
	NCIT:C28554	Deceased [NCIT:C28554]										
	NCIT:C115935	Healthy [NCIT:C115935]										
	NCIT:C49498	Recovered [NCIT:C49498]										
	NCIT:C25269	Symptomatic [NCIT:C25269]										
												
host health status details menu	NCIT:C25179	Hospitalized										
	GENEPIO:0100045		Hospitalized (Non-ICU)									
	GENEPIO:0100046		Hospitalized (ICU)									
	GENEPIO:0100047	Medically Isolated										
	GENEPIO:0100048		Medically Isolated (Negative Pressure)									
	NCIT:C173768	Self-quarantining										
												
host health status details international menu	NCIT:C25179	Hospitalized [NCIT:C25179]										
	GENEPIO:0100045		Hospitalized (Non-ICU) [GENEPIO:0100045]									
	GENEPIO:0100046		Hospitalized (ICU) [GENEPIO:0100046]									
	GENEPIO:0100047	Medically Isolated [GENEPIO:0100047]										
	GENEPIO:0100048		Medically Isolated (Negative Pressure) [GENEPIO:0100048]									
	NCIT:C173768	Self-quarantining [NCIT:C173768]										
												
host health outcome menu	NCIT:C28554	Deceased										
	NCIT:C25254	Deteriorating										
	NCIT:C49498	Recovered										
	NCIT:C30103	Stable										
												
host health outcome international menu	NCIT:C28554	Deceased [NCIT:C28554]										
	NCIT:C25254	Deteriorating [NCIT:C25254]										
	NCIT:C49498	Recovered [NCIT:C49498]										
	NCIT:C30103	Stable [NCIT:C30103]										
												
												
host age unit menu	UO:0000035	month										
	UO:0000036	year										
												
host age unit international menu	UO:0000035	month [UO:0000035]										
	UO:0000036	year [UO:0000036]										
												
host age bin menu	GENEPIO:0100049	0 - 9										
	GENEPIO:0100050	10 - 19										
	GENEPIO:0100051	20 - 29										
	GENEPIO:0100052	30 - 39										
	GENEPIO:0100053	40 - 49										
	GENEPIO:0100054	50 - 59										
	GENEPIO:0100055	60 - 69										
	GENEPIO:0100056	70 - 79										
	GENEPIO:0100057	80 - 89										
	GENEPIO:0100058	90 - 99										
	GENEPIO:0100059	100+										
												
host age bin international menu	GENEPIO:0100049	0 - 9 [GENEPIO:0100049]										
	GENEPIO:0100050	10 - 19 [GENEPIO:0100050]										
	GENEPIO:0100051	20 - 29 [GENEPIO:0100051]										
	GENEPIO:0100052	30 - 39 [GENEPIO:0100052]										
	GENEPIO:0100053	40 - 49 [GENEPIO:0100053]										
	GENEPIO:0100054	50 - 59 [GENEPIO:0100054]										
	GENEPIO:0100055	60 - 69 [GENEPIO:0100055]										
	GENEPIO:0100056	70 - 79 [GENEPIO:0100056]										
	GENEPIO:0100057	80 - 89 [GENEPIO:0100057]										
	GENEPIO:0100058	90 - 99 [GENEPIO:0100058]										
	GENEPIO:0100059	100+ [GENEPIO:0100059]										
												
host gender menu	NCIT:C46110	Female										
	NCIT:C46109	Male										
	GSSO:000132	Non-binary gender										
	GSSO:004004	Transgender (assigned male at birth)										
	GSSO:004005	Transgender (assigned female at birth)										
	NCIT:C110959	Undeclared										
												
host gender international menu	NCIT:C46110	Female [NCIT:C46110]										
	NCIT:C46109	Male [NCIT:C46109]										
	GSSO:000132	Non-binary gender [GSSO:000132]										
	GSSO:004004	Transgender (assigned male at birth) [GSSO:004004]										
	GSSO:004005	Transgender (assigned female at birth) [GSSO:004005]										
	NCIT:C110959	Undeclared [NCIT:C110959]										
												
												
signs and symptoms menu	HP:0025143	Chills (sudden cold sensation)					A sudden sensation of feeling cold.					
	HP:0000509	Conjunctivitis (pink eye)					Inflammation of the conjunctiva.					
	HP:0012735	Cough					A sudden, audible expulsion of air from the lungs through a partially closed glottis, preceded by inhalation.					
	HP:0012378	Fatigue (tiredness)					A subjective feeling of tiredness characterized by a lack of energy and motivation.					
	HP:0001945	Fever					Body temperature elevated above the normal range.					
	HP:0002315	Headache					Cephalgia, or pain sensed in various parts of the head, not confined to the area of distribution of any nerve.					
	NCIT:C3824	Lesion										
	NCIT:C43278		Lesion (Macule)									
	NCIT:C39690		Lesion (Papule)									
	NCIT:C78582		Lesion (Pustule)									
	GENEPIO:0100490		Lesion (Scab)									
	GENEPIO:0100491		Lesion (Vesicle)									
	HP:0003326	Myalgia (muscle pain)					Pain in muscle.					
	HP:0003418		Back pain									
	HP:0002018	Nausea					A sensation of unease in the stomach together with an urge to vomit.					
	HP:0000988	Rash					A red eruption of the skin.					
	NCIT:C50747	Sore throat					Any kind of inflammatory process of the tonsils, pharynx, or/and larynx characterized by pain in swallowing.					
	NCIT:C36172	Sweating										
	HP:0002716	Swollen Lymph Nodes					Enlargment (swelling) of a lymph node.					
	NCIT:C3426	Ulcer										
	HP:0002013	Vomiting (throwing up)					Forceful ejection of the contents of the stomach through the mouth by means of a series of involuntary spasmic contractions.					
												
												
signs and symptoms international menu	HP:0025143	Chills (sudden cold sensation) [HP:0025143]					A sudden sensation of feeling cold.					
	HP:0000509	Conjunctivitis (pink eye) [HP:0000509]					Inflammation of the conjunctiva.					
	HP:0012735	Cough [HP:0012735]					A sudden, audible expulsion of air from the lungs through a partially closed glottis, preceded by inhalation.					
	HP:0012378	Fatigue (tiredness) [HP:0012378]					A subjective feeling of tiredness characterized by a lack of energy and motivation.					
	HP:0001945	Fever [HP:0001945]					Body temperature elevated above the normal range.					
	HP:0002315	Headache [HP:0002315]					Cephalgia, or pain sensed in various parts of the head, not confined to the area of distribution of any nerve.					
	NCIT:C3824	Lesion [NCIT:C3824]										
	NCIT:C43278		Lesion (Macule) [NCIT:C43278]									
	NCIT:C39690		Lesion (Papule) [NCIT:C39690]									
	NCIT:C78582		Lesion (Pustule) [NCIT:C78582]									
	GENEPIO:0100490		Lesion (Scab) [GENEPIO:0100490]									
	GENEPIO:0100491		Lesion (Vesicle) [GENEPIO:0100491]									
	HP:0003326	Myalgia (muscle pain) [HP:0003326]					Pain in muscle.					
	HP:0003418		Back pain [HP:0003418]									
	HP:0002018	Nausea [HP:0002018]					A sensation of unease in the stomach together with an urge to vomit.					
	HP:0000988	Rash [HP:0000988]					A red eruption of the skin.					
	NCIT:C50747	Sore throat [NCIT:C50747]					Any kind of inflammatory process of the tonsils, pharynx, or/and larynx characterized by pain in swallowing.					
	NCIT:C36172	Sweating [NCIT:C36172]										
	HP:0002716	Swollen Lymph Nodes [HP:0002716]					Enlargment (swelling) of a lymph node.					
	NCIT:C3426	Ulcer [NCIT:C3426]										
	HP:0002013	Vomiting (throwing up) [HP:0002013]					Forceful ejection of the contents of the stomach through the mouth by means of a series of involuntary spasmic contractions.					
												
												
pre-existing conditions and risk factors menu	MONDO:0004992	Cancer										
	HP:0000819	Diabetes mellitus (diabetes)										
	HP:0100651		Type I diabetes mellitus (T1D)									
	HP:0005978		Type II diabetes mellitus (T2D)									
	NCIT:C14139	Immunocompromised										
	NCIT:C26726	Infectious disorder										
	DOID:13778		Chancroid (Haemophilus ducreyi)									
	DOID:11263		Chlamydia									
	DOID:7551		Gonorrhea									
	NCIT:C155871		Herpes Simplex Virus infection (HSV)									
	MONDO:0005109		Human immunodeficiency virus (HIV)									
	MONDO:0012268			Acquired immunodeficiency syndrome (AIDS)								
	MONDO:0005161		Human papilloma virus infection (HPV)									
	DOID:13819		Lymphogranuloma venereum									
	NCBITaxon:2097		Mycoplsma genitalium									
	DOID:4166		Syphilis									
	DOID:1947		Trichomoniasis									
	MONDO:0004670	Lupus										
	NCIT:C25742	Pregnancy										
	NCIT:C16124	Prior therapy										
	NCIT:C16212		Cancer treatment									
	NCIT:C15632			Chemotherapy								
	NCIT:C16118		HIV and Antiretroviral therapy (ART)									
	CHEBI:35341		Steroid									
	NCIT:C159659	Transplant										
												
pre-existing conditions and risk factors international menu	MONDO:0004992	Cancer [MONDO:0004992]										
	HP:0000819	Diabetes mellitus (diabetes) [HP:0000819]										
	HP:0100651		Type I diabetes mellitus (T1D) [HP:0100651]									
	HP:0005978		Type II diabetes mellitus (T2D) [HP:0005978]									
	NCIT:C14139	Immunocompromised [NCIT:C14139]										
	NCIT:C26726	Infectious disorder [NCIT:C26726]										
	DOID:13778		Chancroid (Haemophilus ducreyi) [DOID:13778]									
	DOID:11263		Chlamydia [DOID:11263]									
	DOID:7551		Gonorrhea [DOID:7551]									
	NCIT:C155871		Herpes Simplex Virus infection (HSV) [NCIT:C155871]									
	MONDO:0005109		Human immunodeficiency virus (HIV) [MONDO:0005109]									
	MONDO:0012268			Acquired immunodeficiency syndrome (AIDS) [MONDO:0012268]								
	MONDO:0005161		Human papilloma virus infection (HPV) [MONDO:0005161]									
	DOID:13819		Lymphogranuloma venereum [DOID:13819]									
	NCBITaxon:2097		Mycoplsma genitalium [NCBITaxon:2097]									
	DOID:4166		Syphilis [DOID:4166]									
	DOID:1947		Trichomoniasis [DOID:1947]									
	MONDO:0004670	Lupus [MONDO:0004670]										
	NCIT:C25742	Pregnancy [NCIT:C25742]										
	NCIT:C16124	Prior therapy [NCIT:C16124]										
	NCIT:C16212		Cancer treatment [NCIT:C16212]									
	NCIT:C15632			Chemotherapy [NCIT:C15632]								
	NCIT:C16118		HIV and Antiretroviral therapy (ART)  [NCIT:C16118]									
	CHEBI:35341		Steroid [CHEBI:35341]									
	NCIT:C159659	Transplant [NCIT:C159659]										
												
complications menu	MONDO:0005682	Bronchopneumonia										
	MONDO:0023865	Corneal infection										
	MP:0002908	Delayed wound healing (lesion healing)										
	DOID:9588	Encephalitis										
	DOID:820	Myocarditis										
	IDO:0000567	Secondary infection										
	HP:0100806	Sepsis										
												
complications international menu	MONDO:0005682	Bronchopneumonia [MONDO:0005682]										
	MONDO:0023865	Corneal infection [MONDO:0023865]										
	MP:0002908	Delayed wound healing (lesion healing) [MP:0002908]										
	DOID:9588	Encephalitis [DOID:9588]										
	DOID:820	Myocarditis [DOID:820]										
	IDO:0000567	Secondary infection [IDO:0000567]										
	HP:0100806	Sepsis [HP:0100806]										
												
host vaccination status menu	GENEPIO:0100100	Fully Vaccinated										
	GENEPIO:0100102	Not Vaccinated										
												
host vaccination status international menu	GENEPIO:0100100	Fully Vaccinated [GENEPIO:0100100]										
	GENEPIO:0100102	Not Vaccinated [GENEPIO:0100102]										
												
exposure event menu	GENEPIO:0100237	Mass Gathering										
	GENEPIO:0100238	Convention (conference)										
	GENEPIO:0100240		Agricultural Event									
	PCO:0000033	Social Gathering										
	PCO:0000034		Community Event									
	PCO:0000035		Party									
		Other exposure event										
												
exposure event international menu	GENEPIO:0100237	Mass Gathering [GENEPIO:0100237]					A gathering or event attended by a sufficient number of people to strain the planning and response resources of the host community, state/province, nation, or region where it is being held.					
	GENEPIO:0100238	Convention (conference) [GENEPIO:0100238]					A gathering of individuals who meet at an arranged place and time in order to discuss or engage in some common interest. The most common conventions are based upon industry, profession, and fandom.					
	GENEPIO:0100240		Agricultural Event [GENEPIO:0100240]				A gathering exhibiting the equipment, animals, sports and recreation associated with agriculture and animal husbandry.					
	PCO:0000033	Social Gathering [PCO:0000033]					A type of social behavior in which a collection of humans intentionally gathers together on a temporary basis to engage socially.					
	PCO:0000034		Community Event [PCO:0000034]				A human social event in which humans living in the same area or neighborhood gather to carry out activiites relevent to the people living in the area.					
	PCO:0000035		Party [PCO:0000035]				A human social gathering in which the intention is to have a good time. Often the intention is to celebrate something like a birthday, anniversary, or holiday, but there is not always a purpose.					
		Other exposure event					An exposure event not specified in the picklist.					
												
												
exposure contact level menu	GENEPIO:0100494	Contact with animal										
	GENEPIO:0100495		Contact with rodent									
	GENEPIO:0100496	Contact with fomite										
	GENEPIO:0100357	Contact with infected individual										
	TRANS:0000001		Direct (human-to-human contact)									
	TRANS:0000006			Mother-to-child transmission								
	NCIT:C19085			Sexual transmission								
	GENEPIO:0100246		Indirect contact									
	GENEPIO:0100247			Close contact (face-to-face contact)								
	GENEPIO:0100248			Casual contact								
	GENEPIO:0100497	Workplace associated transmission										
	GENEPIO:0100498		Healthcare associated transmission									
	GENEPIO:0100499		Laboratory associated transmission									
												
exposure contact level international menu	GENEPIO:0100494	Contact with animal [GENEPIO:0100494]										
	GENEPIO:0100495		Contact with rodent [GENEPIO:0100495]									
	GENEPIO:0100496	Contact with fomite [GENEPIO:0100496]										
	GENEPIO:0100357	Contact with infected individual [GENEPIO:0100357]										
	TRANS:0000001		Direct (human-to-human contact) [TRANS:0000001]									
	TRANS:0000006			Mother-to-child transmission [TRANS:0000006]								
	NCIT:C19085			Sexual transmission [NCIT:C19085]								
	GENEPIO:0100246		Indirect contact [GENEPIO:0100246]									
	GENEPIO:0100247			Close contact (face-to-face contact) [GENEPIO:0100247]								
	GENEPIO:0100248			Casual contact [GENEPIO:0100248]								
	GENEPIO:0100497	Workplace associated transmission [GENEPIO:0100497]										
	GENEPIO:0100498		Healthcare associated transmission [GENEPIO:0100498]									
	GENEPIO:0100499		Laboratory associated transmission [GENEPIO:0100499]									
												
host role menu	GENEPIO:0100249	Attendee										
	OMRSE:00000058		Student									
	OMRSE:00000030	Patient										
	NCIT:C25182		Inpatient									
	NCIT:C28293		Outpatient									
	GENEPIO:0100250	Passenger										
	GENEPIO:0100251	Resident										
	GENEPIO:0100252	Visitor										
	GENEPIO:0100253	Volunteer										
	GENEPIO:0100254	Work										
	GENEPIO:0100255		Administrator									
	GENEPIO:0100256		First Responder									
	GENEPIO:0100260		Housekeeper									
	GENEPIO:0100261		Kitchen Worker									
	GENEPIO:0100334		Healthcare Worker									
	GENEPIO:0100420			Community Healthcare Worker								
	GENEPIO:0100262			Laboratory Worker								
	OMRSE:00000014			Nurse								
	GENEPIO:0100263			Personal Care Aid								
	GENEPIO:0100264			Pharmacist								
	OMRSE:00000013			Physician								
	GENEPIO:0100354		Rotational Worker									
	GENEPIO:0100355		Seasonal Worker									
	GSSO:005831		Sex Worker									
	GENEPIO:0100265		Veterinarian									
	OMRSE:00000001	Social role										
	GENEPIO:0100266		Acquaintance of case									
	GENEPIO:0100267		Relative of case									
	GENEPIO:0100268			Child of case								
	GENEPIO:0100269			Parent of case								
	GENEPIO:0100270				Father of case							
	GENEPIO:0100271				Mother of case							
	GENEPIO:0100500		Sexual partner of case									
	GENEPIO:0100272		Spouse of case									
		Other Host Role										
												
host role international menu	GENEPIO:0100249	Attendee [GENEPIO:0100249]										
	OMRSE:00000058		Student [OMRSE:00000058]									
	OMRSE:00000030	Patient [OMRSE:00000030]										
	NCIT:C25182		Inpatient [NCIT:C25182]									
	NCIT:C28293		Outpatient [NCIT:C28293]									
	GENEPIO:0100250	Passenger [GENEPIO:0100250]										
	GENEPIO:0100251	Resident [GENEPIO:0100251]										
	GENEPIO:0100252	Visitor [GENEPIO:0100252]										
	GENEPIO:0100253	Volunteer [GENEPIO:0100253]										
	GENEPIO:0100254	Work [GENEPIO:0100254]										
	GENEPIO:0100255		Administrator [GENEPIO:0100255]									
	GENEPIO:0100256		First Responder [GENEPIO:0100256]									
	GENEPIO:0100260		Housekeeper [GENEPIO:0100260]									
	GENEPIO:0100261		Kitchen Worker [GENEPIO:0100261]									
	GENEPIO:0100334		Healthcare Worker [GENEPIO:0100334]									
	GENEPIO:0100420			Community Healthcare Worker [GENEPIO:0100420]								
	GENEPIO:0100262			Laboratory Worker [GENEPIO:0100262]								
	OMRSE:00000014			Nurse [OMRSE:00000014]								
	GENEPIO:0100263			Personal Care Aid [GENEPIO:0100263]								
	GENEPIO:0100264			Pharmacist [GENEPIO:0100264]								
	OMRSE:00000013			Physician [OMRSE:00000013]								
	GENEPIO:0100354		Rotational Worker [GENEPIO:0100354]									
	GENEPIO:0100355		Seasonal Worker [GENEPIO:0100355]									
	GSSO:005831		Sex Worker [GSSO:005831]									
	GENEPIO:0100265		Veterinarian [GENEPIO:0100265]									
	OMRSE:00000001	Social role [OMRSE:00000001]										
	GENEPIO:0100266		Acquaintance of case [GENEPIO:0100266]									
	GENEPIO:0100267		Relative of case [GENEPIO:0100267]									
	GENEPIO:0100268			Child of case [GENEPIO:0100268]								
	GENEPIO:0100269			Parent of case [GENEPIO:0100269]								
	GENEPIO:0100270				Father of case [GENEPIO:0100270]							
	GENEPIO:0100271				Mother of case [GENEPIO:0100271]							
	GENEPIO:0100500		Sexual partner of case [GENEPIO:0100500]									
	GENEPIO:0100272		Spouse of case [GENEPIO:0100272]									
		Other Host Role										
												
exposure setting menu	ECTO:3000005	Human Exposure										
	GENEPIO:0100501		Contact with Known Monkeypox Case									
	GENEPIO:0100185		Contact with Patient									
	GENEPIO:0100502		Contact with Probable Monkeypox Case									
	GENEPIO:0100189		Contact with Person who Recently Travelled									
	GENEPIO:0100190	Occupational, Residency or Patronage Exposure										
	ECTO:1000033		Abbatoir									
	GENEPIO:0100191		Animal Rescue									
	GENEPIO:0100503		Bar (pub)									
	GENEPIO:0100192		Childcare									
	GENEPIO:0100193			Daycare								
	GENEPIO:0100194			Nursery								
	GENEPIO:0100195		Community Service Centre									
	GENEPIO:0100196		Correctional Facility									
	GENEPIO:0100197		Dormitory									
	ECTO:1000034		Farm									
	GENEPIO:0100198		First Nations Reserve									
	GENEPIO:0100199		Funeral Home									
	GENEPIO:0100200		Group Home									
	GENEPIO:0100201		Healthcare Setting									
	GENEPIO:0100202			Ambulance								
	GENEPIO:0100203			Acute Care Facility								
	GENEPIO:0100204			Clinic								
	GENEPIO:0100415			Community Healthcare (At-Home) Setting								
	GENEPIO:0100205			Community Health Centre								
	ECTO:1000035			Hospital								
	GENEPIO:0100206				Emergency Department							
	GENEPIO:0100207				ICU							
	GENEPIO:0100208				Ward							
	ECTO:1000036			Laboratory								
	GENEPIO:0100209			Long-Term Care Facility								
	GENEPIO:0100210			Pharmacy								
	GENEPIO:0100211			Physician's Office								
	GENEPIO:0100212		Household									
	GENEPIO:0100213		Insecure Housing (Homeless)									
	GENEPIO:0100214		Occupational Exposure									
	GENEPIO:0100215			Worksite								
	ECTO:1000037				Office							
	GENEPIO:0100216		Outdoors									
	ECTO:5000009			Camp/camping								
	GENEPIO:0100217			Hiking Trail								
	ECTO:6000030			Hunting Ground								
	GENEPIO:0100218			Ski Resort								
	ECTO:5000008		Petting zoo									
	GENEPIO:0100220		Place of Worship									
	GENEPIO:0100221			Church								
	GENEPIO:0100222			Mosque								
	GENEPIO:0100223			Temple								
	ECTO:1000040		Restaurant									
	ECTO:1000041		Retail Store									
	GENEPIO:0100224		School									
	GENEPIO:0100225		Temporary Residence									
	GENEPIO:0100226			Homeless Shelter								
	GENEPIO:0100227			Hotel								
	GENEPIO:0100228		Veterinary Care Clinic									
	GENEPIO:0100229	Travel Exposure										
	GENEPIO:0100230		Travelled on a Cruise Ship									
	GENEPIO:0100231		Travelled on a Plane									
	GENEPIO:0100232		Travelled on Ground Transport									
	GENEPIO:0100235	Other Exposure Setting										
												
												
exposure setting international menu	ECTO:3000005	Human Exposure [ECTO:3000005]										
	GENEPIO:0100501		Contact with Known Monkeypox Case [GENEPIO:0100501]									
	GENEPIO:0100185		Contact with Patient [GENEPIO:0100185]									
	GENEPIO:0100502		Contact with Probable Monkeypox Case [GENEPIO:0100502]									
	GENEPIO:0100189		Contact with Person who Recently Travelled [GENEPIO:0100189]									
	GENEPIO:0100190	Occupational, Residency or Patronage Exposure [GENEPIO:0100190]										
	ECTO:1000033		Abbatoir [ECTO:1000033]									
	GENEPIO:0100191		Animal Rescue [GENEPIO:0100191]									
	GENEPIO:0100503		Bar (pub) [GENEPIO:0100503]									
	GENEPIO:0100192		Childcare [GENEPIO:0100192]									
	GENEPIO:0100193			Daycare [GENEPIO:0100193]								
	GENEPIO:0100194			Nursery [GENEPIO:0100194]								
	GENEPIO:0100195		Community Service Centre [GENEPIO:0100195]									
	GENEPIO:0100196		Correctional Facility [GENEPIO:0100196]									
	GENEPIO:0100197		Dormitory [GENEPIO:0100197]									
	ECTO:1000034		Farm [ECTO:1000034]									
	GENEPIO:0100198		First Nations Reserve [GENEPIO:0100198]									
	GENEPIO:0100199		Funeral Home [GENEPIO:0100199]									
	GENEPIO:0100200		Group Home [GENEPIO:0100200]									
	GENEPIO:0100201		Healthcare Setting [GENEPIO:0100201]									
	GENEPIO:0100202			Ambulance [GENEPIO:0100202]								
	GENEPIO:0100203			Acute Care Facility [GENEPIO:0100203]								
	GENEPIO:0100204			Clinic [GENEPIO:0100204]								
	GENEPIO:0100415			Community Healthcare (At-Home) Setting [GENEPIO:0100415]								
	GENEPIO:0100205			Community Health Centre [GENEPIO:0100205]								
	ECTO:1000035			Hospital [ECTO:1000035]								
	GENEPIO:0100206				Emergency Department [GENEPIO:0100206]							
	GENEPIO:0100207				ICU [GENEPIO:0100207]							
	GENEPIO:0100208				Ward [GENEPIO:0100208]							
	ECTO:1000036			Laboratory [ECTO:1000036]								
	GENEPIO:0100209			Long-Term Care Facility [GENEPIO:0100209]								
	GENEPIO:0100210			Pharmacy [GENEPIO:0100210]								
	GENEPIO:0100211			Physician's Office [GENEPIO:0100211]								
	GENEPIO:0100212		Household [GENEPIO:0100212]									
	GENEPIO:0100213		Insecure Housing (Homeless) [GENEPIO:0100213]									
	GENEPIO:0100214		Occupational Exposure [GENEPIO:0100214]									
	GENEPIO:0100215			Worksite [GENEPIO:0100215]								
	ECTO:1000037				Office [ECTO:1000037]							
	GENEPIO:0100216		Outdoors [GENEPIO:0100216]									
	ECTO:5000009			Camp/camping [ECTO:5000009]								
	GENEPIO:0100217			Hiking Trail [GENEPIO:0100217]								
	ECTO:6000030			Hunting Ground [ECTO:6000030]								
	GENEPIO:0100218			Ski Resort [GENEPIO:0100218]								
	ECTO:5000008		Petting zoo [ECTO:5000008]									
	GENEPIO:0100220		Place of Worship [GENEPIO:0100220]									
	GENEPIO:0100221			Church [GENEPIO:0100221]								
	GENEPIO:0100222			Mosque [GENEPIO:0100222]								
	GENEPIO:0100223			Temple [GENEPIO:0100223]								
	ECTO:1000040		Restaurant [ECTO:1000040]									
	ECTO:1000041		Retail Store [ECTO:1000041]									
	GENEPIO:0100224		School [GENEPIO:0100224]									
	GENEPIO:0100225		Temporary Residence [GENEPIO:0100225]									
	GENEPIO:0100226			Homeless Shelter [GENEPIO:0100226]								
	GENEPIO:0100227			Hotel [GENEPIO:0100227]								
	GENEPIO:0100228		Veterinary Care Clinic [GENEPIO:0100228]									
	GENEPIO:0100229	Travel Exposure [GENEPIO:0100229]										
	GENEPIO:0100230		Travelled on a Cruise Ship [GENEPIO:0100230]									
	GENEPIO:0100231		Travelled on a Plane [GENEPIO:0100231]									
	GENEPIO:0100232		Travelled on Ground Transport [GENEPIO:0100232]									
	GENEPIO:0100235	Other Exposure Setting [GENEPIO:0100235]										
												
prior Mpox infection menu	GENEPIO:0100037	Prior infection										
	GENEPIO:0100233	No prior infection										
												
prior Mpox infection international menu	GENEPIO:0100037	Prior infection [GENEPIO:0100037]										
	GENEPIO:0100233	No prior infection [GENEPIO:0100233]										
												
prior Mpox antiviral treatment menu	GENEPIO:0100037	Prior antiviral treatment										
	GENEPIO:0100233	No prior antiviral treatment										
												
prior Mpox antiviral treatment international menu	GENEPIO:0100037	Prior antiviral treatment [GENEPIO:0100037]										
	GENEPIO:0100233	No prior antiviral treatment [GENEPIO:0100233]										
												
organism menu	NCBITaxon:10244	Mpox virus										
												
organism international menu	NCBITaxon:10244	Mpox virus [NCBITaxon:10244]										
												
host disease menu	MONDO:0002594	Mpox										
												
host disease international menu	MONDO:0002594	Mpox [MONDO:0002594]										
												
												
purpose of sampling menu	GENEPIO:0100001	Cluster/Outbreak investigation										
	GENEPIO:0100002	Diagnostic testing										
	GENEPIO:0100003	Research										
	GENEPIO:0100004	Surveillance										
												
purpose of sampling international menu	GENEPIO:0100001	Cluster/Outbreak investigation [GENEPIO:0100001]										
	GENEPIO:0100002	Diagnostic testing [GENEPIO:0100002]										
	GENEPIO:0100003	Research [GENEPIO:0100003]										
	GENEPIO:0100004	Surveillance [GENEPIO:0100004]										
												
purpose of sequencing menu	GENEPIO:0100005	Baseline surveillance (random sampling)										
	GENEPIO:0100006	Targeted surveillance (non-random sampling)										
	GENEPIO:0100007		Priority surveillance project									
	GENEPIO:0100009			Longitudinal surveillance (repeat sampling of individuals)								
	GENEPIO:0100010			Re-infection surveillance								
	GENEPIO:0100011			Vaccine escape surveillance								
	GENEPIO:0100012			Travel-associated surveillance								
	GENEPIO:0100013				Domestic travel surveillance							
	GENEPIO:0100275					Interstate/ interprovincial travel surveillance						
	GENEPIO:0100276					Intra-state/ intra-provincial travel surveillance						
	GENEPIO:0100014				International travel surveillance							
	GENEPIO:0100019	Cluster/Outbreak investigation										
	GENEPIO:0100020		Multi-jurisdictional outbreak investigation									
	GENEPIO:0100021		Intra-jurisdictional outbreak investigation									
	GENEPIO:0100022	Research										
	GENEPIO:0100023		Viral passage experiment									
	GENEPIO:0100024		Protocol testing experiment									
	GENEPIO:0100356	Retrospective sequencing										
												
purpose of sequencing international menu	GENEPIO:0100005	Baseline surveillance (random sampling) [GENEPIO:0100005]										
	GENEPIO:0100006	Targeted surveillance (non-random sampling) [GENEPIO:0100006]										
	GENEPIO:0100007		Priority surveillance project [GENEPIO:0100007]									
	GENEPIO:0100009			Longitudinal surveillance (repeat sampling of individuals) [GENEPIO:0100009]								
	GENEPIO:0100010			Re-infection surveillance [GENEPIO:0100010]								
	GENEPIO:0100011			Vaccine escape surveillance [GENEPIO:0100011]								
	GENEPIO:0100012			Travel-associated surveillance [GENEPIO:0100012]								
	GENEPIO:0100013				Domestic travel surveillance [GENEPIO:0100013]							
	GENEPIO:0100275					Interstate/ interprovincial travel surveillance [GENEPIO:0100275]						
	GENEPIO:0100276					Intra-state/ intra-provincial travel surveillance [GENEPIO:0100276]						
	GENEPIO:0100014				International travel surveillance [GENEPIO:0100014]							
	GENEPIO:0100019	Cluster/Outbreak investigation [GENEPIO:0100019]										
	GENEPIO:0100020		Multi-jurisdictional outbreak investigation [GENEPIO:0100020]									
	GENEPIO:0100021		Intra-jurisdictional outbreak investigation [GENEPIO:0100021]									
	GENEPIO:0100022	Research [GENEPIO:0100022]										
	GENEPIO:0100023		Viral passage experiment [GENEPIO:0100023]									
	GENEPIO:0100024		Protocol testing experiment [GENEPIO:0100024]									
	GENEPIO:0100356	Retrospective sequencing [GENEPIO:0100356]										
												
sequencing instrument menu	GENEPIO:0100105	Illumina										
	GENEPIO:0100106		Illumina Genome Analyzer									
	GENEPIO:0100107			Illumina Genome Analyzer II								
	GENEPIO:0100108			Illumina Genome Analyzer IIx								
	GENEPIO:0100109		Illumina HiScanSQ									
	GENEPIO:0100110		Illumina HiSeq									
	GENEPIO:0100111			Illumina HiSeq X								
	GENEPIO:0100112				Illumina HiSeq X Five							
	GENEPIO:0100113				Illumina HiSeq X Ten							
	GENEPIO:0100114			Illumina HiSeq 1000								
	GENEPIO:0100115			Illumina HiSeq 1500								
	GENEPIO:0100116			Illumina HiSeq 2000								
	GENEPIO:0100117			Illumina HiSeq 2500								
	GENEPIO:0100118			Illumina HiSeq 3000								
	GENEPIO:0100119			Illumina HiSeq 4000								
	GENEPIO:0100120		Illumina iSeq									
	GENEPIO:0100121			Illumina iSeq 100								
	GENEPIO:0100122		Illumina NovaSeq									
	GENEPIO:0100123			Illumina NovaSeq 6000								
	GENEPIO:0100124		Illumina MiniSeq									
	GENEPIO:0100125		Illumina MiSeq									
	GENEPIO:0100126		Illumina NextSeq									
	GENEPIO:0100127			Illumina NextSeq 500								
	GENEPIO:0100128			Illumina NextSeq 550								
	GENEPIO:0100129			Illumina NextSeq 2000								
	GENEPIO:0100130	Pacific Biosciences										
	GENEPIO:0100131		PacBio RS									
	GENEPIO:0100132		PacBio RS II									
	GENEPIO:0100133		PacBio Sequel									
	GENEPIO:0100134		PacBio Sequel II									
	GENEPIO:0100135	Ion Torrent										
	GENEPIO:0100136		Ion Torrent PGM									
	GENEPIO:0100137		Ion Torrent Proton									
	GENEPIO:0100138		Ion Torrent S5 XL									
	GENEPIO:0100139		Ion Torrent S5									
	GENEPIO:0100140	Oxford Nanopore										
	GENEPIO:0100141		Oxford Nanopore GridION									
	GENEPIO:0100142		Oxford Nanopore MinION									
	GENEPIO:0100143		Oxford Nanopore PromethION									
	GENEPIO:0100144	BGI Genomics										
	GENEPIO:0100145		BGI Genomics BGISEQ-500									
	GENEPIO:0100146	MGI										
	GENEPIO:0100147		MGI DNBSEQ-T7									
	GENEPIO:0100148		MGI DNBSEQ-G400									
	GENEPIO:0100149		MGI DNBSEQ-G400 FAST									
	GENEPIO:0100150		MGI DNBSEQ-G50									
												
sequencing instrument international menu	GENEPIO:0100105	Illumina [GENEPIO:0100105]										
	GENEPIO:0100106		Illumina Genome Analyzer [GENEPIO:0100106]									
	GENEPIO:0100107			Illumina Genome Analyzer II [GENEPIO:0100107]								
	GENEPIO:0100108			Illumina Genome Analyzer IIx [GENEPIO:0100108]								
	GENEPIO:0100109		Illumina HiScanSQ [GENEPIO:0100109]									
	GENEPIO:0100110		Illumina HiSeq [GENEPIO:0100110]									
	GENEPIO:0100111			Illumina HiSeq X [GENEPIO:0100111]								
	GENEPIO:0100112				Illumina HiSeq X Five [GENEPIO:0100112]							
	GENEPIO:0100113				Illumina HiSeq X Ten [GENEPIO:0100113]							
	GENEPIO:0100114			Illumina HiSeq 1000 [GENEPIO:0100114]								
	GENEPIO:0100115			Illumina HiSeq 1500 [GENEPIO:0100115]								
	GENEPIO:0100116			Illumina HiSeq 2000 [GENEPIO:0100116]								
	GENEPIO:0100117			Illumina HiSeq 2500 [GENEPIO:0100117]								
	GENEPIO:0100118			Illumina HiSeq 3000 [GENEPIO:0100118]								
	GENEPIO:0100119			Illumina HiSeq 4000 [GENEPIO:0100119]								
	GENEPIO:0100120		Illumina iSeq [GENEPIO:0100120]									
	GENEPIO:0100121			Illumina iSeq 100 [GENEPIO:0100121]								
	GENEPIO:0100122		Illumina NovaSeq [GENEPIO:0100122]									
	GENEPIO:0100123			Illumina NovaSeq 6000 [GENEPIO:0100123]								
	GENEPIO:0100124		Illumina MiniSeq [GENEPIO:0100124]									
	GENEPIO:0100125		Illumina MiSeq [GENEPIO:0100125]									
	GENEPIO:0100126		Illumina NextSeq [GENEPIO:0100126]									
	GENEPIO:0100127			Illumina NextSeq 500 [GENEPIO:0100127]								
	GENEPIO:0100128			Illumina NextSeq 550 [GENEPIO:0100128]								
	GENEPIO:0100129			Illumina NextSeq 2000 [GENEPIO:0100129]								
	GENEPIO:0100130	Pacific Biosciences [GENEPIO:0100130]										
	GENEPIO:0100131		PacBio RS [GENEPIO:0100131]									
	GENEPIO:0100132		PacBio RS II [GENEPIO:0100132]									
	GENEPIO:0100133		PacBio Sequel [GENEPIO:0100133]									
	GENEPIO:0100134		PacBio Sequel II [GENEPIO:0100134]									
	GENEPIO:0100135	Ion Torrent [GENEPIO:0100135										
	GENEPIO:0100136		Ion Torrent PGM [GENEPIO:0100136									
	GENEPIO:0100137		Ion Torrent Proton [GENEPIO:0100137]									
	GENEPIO:0100138		Ion Torrent S5 XL [GENEPIO:0100138]									
	GENEPIO:0100139		Ion Torrent S5 [GENEPIO:0100139]									
	GENEPIO:0100140	Oxford Nanopore [GENEPIO:0100140]										
	GENEPIO:0100141		Oxford Nanopore GridION [GENEPIO:0100141									
	GENEPIO:0100142		Oxford Nanopore MinION [GENEPIO:0100142]									
	GENEPIO:0100143		Oxford Nanopore PromethION [GENEPIO:0100143]									
	GENEPIO:0100144	BGI Genomics [GENEPIO:0100144]										
	GENEPIO:0100145		BGI Genomics BGISEQ-500 [GENEPIO:0100145]									
	GENEPIO:0100146	MGI [GENEPIO:0100146]										
	GENEPIO:0100147		MGI DNBSEQ-T7 [GENEPIO:0100147]									
	GENEPIO:0100148		MGI DNBSEQ-G400 [GENEPIO:0100148]									
	GENEPIO:0100149		MGI DNBSEQ-G400 FAST [GENEPIO:0100149]									
	GENEPIO:0100150		MGI DNBSEQ-G50 [GENEPIO:0100150]									
												
												
sequence submitted by menu		Alberta Precision Labs (APL)										
			Alberta ProvLab North (APLN)									
			Alberta ProvLab South (APLS)									
		BCCDC Public Health Laboratory										
		Canadore College										
		The Centre for Applied Genomics (TCAG)										
		Dynacare										
		Dynacare (Brampton)										
		Dynacare (Manitoba)										
		The Hospital for Sick Children (SickKids)										
		Laboratoire de santé publique du Québec (LSPQ)										
		Manitoba Cadham Provincial Laboratory										
		McGill University										
		McMaster University										
		National Microbiology Laboratory (NML)										
		New Brunswick - Vitalité Health Network										
		Newfoundland and Labrador - Eastern Health										
		Nova Scotia Health Authority										
		Ontario Institute for Cancer Research (OICR)										
		Prince Edward Island - Health PEI										
		Public Health Ontario (PHO)										
		Queen's University / Kingston Health Sciences Centre										
		Saskatchewan - Roy Romanow Provincial Laboratory (RRPL)										
		Sunnybrook Health Sciences Centre										
		Thunder Bay Regional Health Sciences Centre										
												
sequenced by menu		Alberta Precision Labs (APL)										
			Alberta ProvLab North (APLN)									
			Alberta ProvLab South (APLS)									
		BCCDC Public Health Laboratory										
		Canadore College										
		The Centre for Applied Genomics (TCAG)										
		Dynacare										
		Dynacare (Brampton)										
		Dynacare (Manitoba)										
		The Hospital for Sick Children (SickKids)										
		Laboratoire de santé publique du Québec (LSPQ)										
		Manitoba Cadham Provincial Laboratory										
		McGill University										
		McMaster University										
		National Microbiology Laboratory (NML)										
		New Brunswick - Vitalité Health Network										
		Newfoundland and Labrador - Eastern Health										
		Nova Scotia Health Authority										
		Ontario Institute for Cancer Research (OICR)										
		Prince Edward Island - Health PEI										
		Public Health Ontario (PHO)										
		Queen's University / Kingston Health Sciences Centre										
		Saskatchewan - Roy Romanow Provincial Laboratory (RRPL)										
		Sunnybrook Health Sciences Centre										
		Thunder Bay Regional Health Sciences Centre										
												
sample collected by menu		Alberta Precision Labs (APL)										
			Alberta ProvLab North (APLN)									
			Alberta ProvLab South (APLS)									
		BCCDC Public Health Laboratory										
		Dynacare										
		Dynacare (Manitoba)										
		Dynacare (Brampton)										
		Eastern Ontario Regional Laboratory Association										
		Hamilton Health Sciences										
		The Hospital for Sick Children (SickKids)										
		Laboratoire de santé publique du Québec (LSPQ)										
		Lake of the Woods District Hospital - Ontario										
		LifeLabs										
		LifeLabs (Ontario)										
		Manitoba Cadham Provincial Laboratory										
		McMaster University										
		Mount Sinai Hospital										
		National Microbiology Laboratory (NML)										
		New Brunswick - Vitalité Health Network										
		Newfoundland and Labrador - Eastern Health										
		Nova Scotia Health Authority										
		Nunavut										
		Ontario Institute for Cancer Research (OICR)										
		Prince Edward Island - Health PEI										
		Public Health Ontario (PHO)										
		Queen's University / Kingston Health Sciences Centre										
		Saskatchewan - Roy Romanow Provincial Laboratory (RRPL)										
		Shared Hospital Laboratory										
		St. John's Rehab at Sunnybrook Hospital										
		Switch Health										
		Sunnybrook Health Sciences Centre										
		Unity Health Toronto										
		William Osler Health System										
												
gene name menu	GENEPIO:0100505	MPX (orf B6R)										
	GENEPIO:0100506	OPV (orf 17L)										
	GENEPIO:0100507	OPHA (orf B2R)										
	GENEPIO:0100510	G2R_G (TNFR)										
		G2R_G (WA)										
	GENEPIO:0100508	RNAse P gene (RNP)										
												
												
geo_loc_name (country) menu	GAZ:00006882	Afghanistan										
	GAZ:00002953	Albania										
	GAZ:00000563	Algeria										
	GAZ:00003957	American Samoa										
	GAZ:00002948	Andorra										
	GAZ:00001095	Angola										
	GAZ:00009159	Anguilla										
	GAZ:00000462	Antarctica										
	GAZ:00006883	Antigua and Barbuda										
	GAZ:00002928	Argentina										
	GAZ:00004094	Armenia										
	GAZ:00004025	Aruba										
	GAZ:00005901	Ashmore and Cartier Islands										
	GAZ:00000463	Australia										
	GAZ:00002942	Austria										
	GAZ:00004941	Azerbaijan										
	GAZ:00002733	Bahamas										
	GAZ:00005281	Bahrain										
	GAZ:00007117	Baker Island										
	GAZ:00003750	Bangladesh										
	GAZ:00001251	Barbados										
	GAZ:00005810	Bassas da India										
	GAZ:00006886	Belarus										
	GAZ:00002938	Belgium										
	GAZ:00002934	Belize										
	GAZ:00000904	Benin										
	GAZ:00001264	Bermuda										
	GAZ:00003920	Bhutan										
	GAZ:00002511	Bolivia										
	GAZ:00025355	Borneo										
	GAZ:00006887	Bosnia and Herzegovina										
	GAZ:00001097	Botswana										
	GAZ:00001453	Bouvet Island										
	GAZ:00002828	Brazil										
	GAZ:00003961	British Virgin Islands										
	GAZ:00003901	Brunei										
	GAZ:00002950	Bulgaria										
	GAZ:00000905	Burkina Faso										
	GAZ:00001090	Burundi										
	GAZ:00006888	Cambodia										
	GAZ:00001093	Cameroon										
	GAZ:00002560	Canada										
	GAZ:00001227	Cape Verde										
	GAZ:00003986	Cayman Islands										
	GAZ:00001089	Central African Republic										
	GAZ:00000586	Chad										
	GAZ:00002825	Chile										
	GAZ:00002845	China										
	GAZ:00005915	Christmas Island										
	GAZ:00005838	Clipperton Island										
	GAZ:00009721	Cocos Islands										
	GAZ:00002929	Colombia										
	GAZ:00005820	Comoros										
	GAZ:00053798	Cook Islands										
	GAZ:00005917	Coral Sea Islands										
	GAZ:00002901	Costa Rica										
	GAZ:00000906	Cote d'Ivoire										
	GAZ:00002719	Croatia										
	GAZ:00003762	Cuba										
	GAZ:00012582	Curacao										
	GAZ:00004006	Cyprus										
	GAZ:00002954	Czech Republic										
	GAZ:00001086	Democratic Republic of the Congo										
	GAZ:00005852	Denmark										
	GAZ:00000582	Djibouti										
	GAZ:00006890	Dominica										
	GAZ:00003952	Dominican Republic										
	GAZ:00002912	Ecuador										
	GAZ:00003934	Egypt										
	GAZ:00002935	El Salvador										
	GAZ:00001091	Equatorial Guinea										
	GAZ:00000581	Eritrea										
	GAZ:00002959	Estonia										
	GAZ:00001099	Eswatini										
	GAZ:00000567	Ethiopia										
	GAZ:00005811	Europa Island										
	GAZ:00001412	Falkland Islands (Islas Malvinas)										
	GAZ:00059206	Faroe Islands										
	GAZ:00006891	Fiji										
	GAZ:00002937	Finland										
	GAZ:00003940	France										
	GAZ:00002516	French Guiana										
	GAZ:00002918	French Polynesia										
	GAZ:00003753	French Southern and Antarctic Lands										
	GAZ:00001092	Gabon										
	GAZ:00000907	Gambia										
	GAZ:00009571	Gaza Strip										
	GAZ:00004942	Georgia										
	GAZ:00002646	Germany										
	GAZ:00000908	Ghana										
	GAZ:00003987	Gibraltar										
	GAZ:00005808	Glorioso Islands										
	GAZ:00002945	Greece										
	GAZ:00001507	Greenland										
	GAZ:02000573	Grenada										
	GAZ:00067142	Guadeloupe										
	GAZ:00003706	Guam										
	GAZ:00002936	Guatemala										
	GAZ:00001550	Guernsey										
	GAZ:00000909	Guinea										
	GAZ:00000910	Guinea-Bissau										
	GAZ:00002522	Guyana										
	GAZ:00003953	Haiti										
	GAZ:00009718	Heard Island and McDonald Islands										
	GAZ:00002894	Honduras										
	GAZ:00003203	Hong Kong										
	GAZ:00007120	Howland Island										
	GAZ:00002952	Hungary										
	GAZ:00000843	Iceland										
	GAZ:00002839	India										
	GAZ:00003727	Indonesia										
	GAZ:00004474	Iran										
	GAZ:00004483	Iraq										
	GAZ:00002943	Ireland										
	GAZ:00052477	Isle of Man										
	GAZ:00002476	Israel										
	GAZ:00002650	Italy										
	GAZ:00003781	Jamaica										
	GAZ:00005853	Jan Mayen										
	GAZ:00002747	Japan										
	GAZ:00007118	Jarvis Island										
	GAZ:00001551	Jersey										
	GAZ:00007114	Johnston Atoll										
	GAZ:00002473	Jordan										
	GAZ:00005809	Juan de Nova Island										
	GAZ:00004999	Kazakhstan										
	GAZ:00001101	Kenya										
	GAZ:00005682	Kerguelen Archipelago										
	GAZ:00007116	Kingman Reef										
	GAZ:00006894	Kiribati										
	GAZ:00011337	Kosovo										
	GAZ:00005285	Kuwait										
	GAZ:00006893	Kyrgyzstan										
	GAZ:00006889	Laos										
	GAZ:00002958	Latvia										
	GAZ:00002478	Lebanon										
	GAZ:00001098	Lesotho										
	GAZ:00000911	Liberia										
	GAZ:00000566	Libya										
	GAZ:00003858	Liechtenstein										
	GAZ:00007144	Line Islands										
	GAZ:00002960	Lithuania										
	GAZ:00002947	Luxembourg										
	GAZ:00003202	Macau										
	GAZ:00001108	Madagascar										
	GAZ:00001105	Malawi										
	GAZ:00003902	Malaysia										
	GAZ:00006924	Maldives										
	GAZ:00000584	Mali										
	GAZ:00004017	Malta										
	GAZ:00007161	Marshall Islands										
	GAZ:00067143	Martinique										
	GAZ:00000583	Mauritania										
	GAZ:00003745	Mauritius										
	GAZ:00003943	Mayotte										
	GAZ:00002852	Mexico										
	GAZ:00005862	Micronesia										
	GAZ:00007112	Midway Islands										
	GAZ:00003897	Moldova										
	GAZ:00003857	Monaco										
	GAZ:00008744	Mongolia										
	GAZ:00006898	Montenegro										
	GAZ:00003988	Montserrat										
	GAZ:00000565	Morocco										
	GAZ:00001100	Mozambique										
	GAZ:00006899	Myanmar										
	GAZ:00001096	Namibia										
	GAZ:00006900	Nauru										
	GAZ:00007119	Navassa Island										
	GAZ:00004399	Nepal										
	GAZ:00002946	Netherlands										
	GAZ:00005206	New Caledonia										
	GAZ:00000469	New Zealand										
	GAZ:00002978	Nicaragua										
	GAZ:00000585	Niger										
	GAZ:00000912	Nigeria										
	GAZ:00006902	Niue										
	GAZ:00005908	Norfolk Island										
	GAZ:00002801	North Korea										
	GAZ:00006895	North Macedonia										
	GAZ:00002284	North Sea										
	GAZ:00003958	Northern Mariana Islands										
	GAZ:00002699	Norway										
	GAZ:00005283	Oman										
	GAZ:00005246	Pakistan										
	GAZ:00006905	Palau										
	GAZ:00002892	Panama										
	GAZ:00003922	Papua New Guinea										
	GAZ:00010832	Paracel Islands										
	GAZ:00002933	Paraguay										
	GAZ:00002932	Peru										
	GAZ:00004525	Philippines										
	GAZ:00005867	Pitcairn Islands										
	GAZ:00002939	Poland										
	GAZ:00004126	Portugal										
	GAZ:00006935	Puerto Rico										
	GAZ:00005286	Qatar										
	GAZ:00001088	Republic of the Congo										
	GAZ:00003945	Reunion										
	GAZ:00002951	Romania										
	GAZ:00023304	Ross Sea										
	GAZ:00002721	Russia										
	GAZ:00001087	Rwanda										
	GAZ:00000849	Saint Helena										
	GAZ:00006906	Saint Kitts and Nevis										
	GAZ:00006909	Saint Lucia										
	GAZ:00003942	Saint Pierre and Miquelon										
	GAZ:00005841	Saint Martin										
	GAZ:02000565	Saint Vincent and the Grenadines										
	GAZ:00006910	Samoa										
	GAZ:00003102	San Marino										
	GAZ:00006927	Sao Tome and Principe										
	GAZ:00005279	Saudi Arabia										
	GAZ:00000913	Senegal										
	GAZ:00002957	Serbia										
	GAZ:00006922	Seychelles										
	GAZ:00000914	Sierra Leone										
	GAZ:00003923	Singapore										
	GAZ:00012579	Sint Maarten										
	GAZ:00002956	Slovakia										
	GAZ:00002955	Slovenia										
	GAZ:00005275	Solomon Islands										
	GAZ:00001104	Somalia										
	GAZ:00001094	South Africa										
	GAZ:00003990	South Georgia and the South Sandwich Islands										
	GAZ:00002802	South Korea										
	GAZ:00233439	South Sudan										
	GAZ:00000591	Spain										
	GAZ:00010831	Spratly Islands										
	GAZ:00003924	Sri Lanka										
	GAZ:00002475	State of Palestine										
	GAZ:00000560	Sudan										
	GAZ:00002525	Suriname										
	GAZ:00005396	Svalbard										
	GAZ:00001099	Swaziland										
	GAZ:00002729	Sweden										
	GAZ:00002941	Switzerland										
	GAZ:00002474	Syria										
	GAZ:00005341	Taiwan										
	GAZ:00006912	Tajikistan										
	GAZ:00001103	Tanzania										
	GAZ:00003744	Thailand										
	GAZ:00006913	Timor-Leste										
	GAZ:00000915	Togo										
	GAZ:00260188	Tokelau										
	GAZ:00006916	Tonga										
	GAZ:00003767	Trinidad and Tobago										
	GAZ:00005812	Tromelin Island										
	GAZ:00000562	Tunisia										
	GAZ:00000558	Turkey										
	GAZ:00005018	Turkmenistan										
	GAZ:00003955	Turks and Caicos Islands										
	GAZ:00009715	Tuvalu										
	GAZ:00002459	United States of America										
	GAZ:00001102	Uganda										
	GAZ:00002724	Ukraine										
	GAZ:00005282	United Arab Emirates										
	GAZ:00002637	United Kingdom										
	GAZ:00002930	Uruguay										
	GAZ:00004979	Uzbekistan										
	GAZ:00006918	Vanuatu										
	GAZ:00002931	Venezuela										
	GAZ:00003756	Viet Nam										
	GAZ:00003959	Virgin Islands										
	GAZ:00007111	Wake Island										
	GAZ:00007191	Wallis and Futuna										
	GAZ:00009572	West Bank										
	GAZ:00000564	Western Sahara										
	GAZ:00005284	Yemen										
	GAZ:00001107	Zambia										
	GAZ:00001106	Zimbabwe										
												
geo_loc_name (country) international menu	GAZ:00006882	Afghanistan [GAZ:00006882]										
	GAZ:00002953	Albania [GAZ:00002953]										
	GAZ:00000563	Algeria [GAZ:00000563]										
	GAZ:00003957	American Samoa [GAZ:00003957]										
	GAZ:00002948	Andorra [GAZ:00002948]										
	GAZ:00001095	Angola [GAZ:00001095]										
	GAZ:00009159	Anguilla [GAZ:00009159]										
	GAZ:00000462	Antarctica [GAZ:00000462]										
	GAZ:00006883	Antigua and Barbuda [GAZ:00006883]										
	GAZ:00002928	Argentina [GAZ:00002928]										
	GAZ:00004094	Armenia [GAZ:00004094]										
	GAZ:00004025	Aruba [GAZ:00004025]										
	GAZ:00005901	Ashmore and Cartier Islands [GAZ:00005901]										
	GAZ:00000463	Australia [GAZ:00000463]										
	GAZ:00002942	Austria [GAZ:00002942]										
	GAZ:00004941	Azerbaijan [GAZ:00004941]										
	GAZ:00002733	Bahamas [GAZ:00002733]										
	GAZ:00005281	Bahrain [GAZ:00005281]										
	GAZ:00007117	Baker Island [GAZ:00007117]										
	GAZ:00003750	Bangladesh [GAZ:00003750]										
	GAZ:00001251	Barbados [GAZ:00001251]										
	GAZ:00005810	Bassas da India [GAZ:00005810]										
	GAZ:00006886	Belarus [GAZ:00006886]										
	GAZ:00002938	Belgium [GAZ:00002938]										
	GAZ:00002934	Belize [GAZ:00002934]										
	GAZ:00000904	Benin [GAZ:00000904]										
	GAZ:00001264	Bermuda [GAZ:00001264]										
	GAZ:00003920	Bhutan [GAZ:00003920]										
	GAZ:00002511	Bolivia [GAZ:00002511]										
	GAZ:00025355	Borneo [GAZ:00025355]										
	GAZ:00006887	Bosnia and Herzegovina [GAZ:00006887]										
	GAZ:00001097	Botswana [GAZ:00001097]										
	GAZ:00001453	Bouvet Island [GAZ:00001453]										
	GAZ:00002828	Brazil [GAZ:00002828]										
	GAZ:00003961	British Virgin Islands [GAZ:00003961]										
	GAZ:00003901	Brunei [GAZ:00003901]										
	GAZ:00002950	Bulgaria [GAZ:00002950]										
	GAZ:00000905	Burkina Faso [GAZ:00000905]										
	GAZ:00001090	Burundi [GAZ:00001090]										
	GAZ:00006888	Cambodia [GAZ:00006888]										
	GAZ:00001093	Cameroon [GAZ:00001093]										
	GAZ:00002560	Canada [GAZ:00002560]										
	GAZ:00001227	Cape Verde [GAZ:00001227]										
	GAZ:00003986	Cayman Islands [GAZ:00003986]										
	GAZ:00001089	Central African Republic [GAZ:00001089]										
	GAZ:00000586	Chad [GAZ:00000586]										
	GAZ:00002825	Chile [GAZ:00002825]										
	GAZ:00002845	China [GAZ:00002845]										
	GAZ:00005915	Christmas Island [GAZ:00005915]										
	GAZ:00005838	Clipperton Island [GAZ:00005838]										
	GAZ:00009721	Cocos Islands [GAZ:00009721]										
	GAZ:00002929	Colombia [GAZ:00002929]										
	GAZ:00005820	Comoros [GAZ:00005820]										
	GAZ:00053798	Cook Islands [GAZ:00053798]										
	GAZ:00005917	Coral Sea Islands [GAZ:00005917]										
	GAZ:00002901	Costa Rica [GAZ:00002901]										
	GAZ:00000906	Cote d'Ivoire [GAZ:00000906]										
	GAZ:00002719	Croatia [GAZ:00002719]										
	GAZ:00003762	Cuba [GAZ:00003762]										
	GAZ:00012582	Curacao [GAZ:00012582]										
	GAZ:00004006	Cyprus [GAZ:00004006]										
	GAZ:00002954	Czech Republic [GAZ:00002954]										
	GAZ:00001086	Democratic Republic of the Congo [GAZ:00001086]										
	GAZ:00005852	Denmark [GAZ:00005852]										
	GAZ:00000582	Djibouti [GAZ:00000582]										
	GAZ:00006890	Dominica [GAZ:00006890]										
	GAZ:00003952	Dominican Republic [GAZ:00003952]										
	GAZ:00002912	Ecuador [GAZ:00002912]										
	GAZ:00003934	Egypt [GAZ:00003934]										
	GAZ:00002935	El Salvador [GAZ:00002935]										
	GAZ:00001091	Equatorial Guinea [GAZ:00001091]										
	GAZ:00000581	Eritrea [GAZ:00000581]										
	GAZ:00002959	Estonia [GAZ:00002959]										
	GAZ:00001099	Eswatini [GAZ:00001099]										
	GAZ:00000567	Ethiopia [GAZ:00000567]										
	GAZ:00005811	Europa Island [GAZ:00005811]										
	GAZ:00001412	Falkland Islands (Islas Malvinas) [GAZ:00001412]										
	GAZ:00059206	Faroe Islands [GAZ:00059206]										
	GAZ:00006891	Fiji [GAZ:00006891]										
	GAZ:00002937	Finland [GAZ:00002937]										
	GAZ:00003940	France [GAZ:00003940]										
	GAZ:00002516	French Guiana [GAZ:00002516]										
	GAZ:00002918	French Polynesia [GAZ:00002918]										
	GAZ:00003753	French Southern and Antarctic Lands [GAZ:00003753]										
	GAZ:00001092	Gabon [GAZ:00001092]										
	GAZ:00000907	Gambia [GAZ:00000907]										
	GAZ:00009571	Gaza Strip [GAZ:00009571]										
	GAZ:00004942	Georgia [GAZ:00004942]										
	GAZ:00002646	Germany [GAZ:00002646]										
	GAZ:00000908	Ghana [GAZ:00000908]										
	GAZ:00003987	Gibraltar [GAZ:00003987]										
	GAZ:00005808	Glorioso Islands [GAZ:00005808]										
	GAZ:00002945	Greece [GAZ:00002945]										
	GAZ:00001507	Greenland [GAZ:00001507]										
	GAZ:02000573	Grenada [GAZ:02000573]										
	GAZ:00067142	Guadeloupe [GAZ:00067142]										
	GAZ:00003706	Guam [GAZ:00003706]										
	GAZ:00002936	Guatemala [GAZ:00002936]										
	GAZ:00001550	Guernsey [GAZ:00001550]										
	GAZ:00000909	Guinea [GAZ:00000909]										
	GAZ:00000910	Guinea-Bissau [GAZ:00000910]										
	GAZ:00002522	Guyana [GAZ:00002522]										
	GAZ:00003953	Haiti [GAZ:00003953]										
	GAZ:00009718	Heard Island and McDonald Islands [GAZ:00009718]										
	GAZ:00002894	Honduras [GAZ:00002894]										
	GAZ:00003203	Hong Kong [GAZ:00003203]										
	GAZ:00007120	Howland Island [GAZ:00007120]										
	GAZ:00002952	Hungary [GAZ:00002952]										
	GAZ:00000843	Iceland [GAZ:00000843]										
	GAZ:00002839	India [GAZ:00002839]										
	GAZ:00003727	Indonesia [GAZ:00003727]										
	GAZ:00004474	Iran [GAZ:00004474]										
	GAZ:00004483	Iraq [GAZ:00004483]										
	GAZ:00002943	Ireland [GAZ:00002943]										
	GAZ:00052477	Isle of Man [GAZ:00052477]										
	GAZ:00002476	Israel [GAZ:00002476]										
	GAZ:00002650	Italy [GAZ:00002650]										
	GAZ:00003781	Jamaica [GAZ:00003781]										
	GAZ:00005853	Jan Mayen [GAZ:00005853]										
	GAZ:00002747	Japan [GAZ:00002747]										
	GAZ:00007118	Jarvis Island [GAZ:00007118]										
	GAZ:00001551	Jersey [GAZ:00001551]										
	GAZ:00007114	Johnston Atoll [GAZ:00007114]										
	GAZ:00002473	Jordan [GAZ:00002473]										
	GAZ:00005809	Juan de Nova Island [GAZ:00005809]										
	GAZ:00004999	Kazakhstan [GAZ:00004999]										
	GAZ:00001101	Kenya [GAZ:00001101]										
	GAZ:00005682	Kerguelen Archipelago [GAZ:00005682]										
	GAZ:00007116	Kingman Reef [GAZ:00007116]										
	GAZ:00006894	Kiribati [GAZ:00006894]										
	GAZ:00011337	Kosovo [GAZ:00011337]										
	GAZ:00005285	Kuwait [GAZ:00005285]										
	GAZ:00006893	Kyrgyzstan [GAZ:00006893]										
	GAZ:00006889	Laos [GAZ:00006889]										
	GAZ:00002958	Latvia [GAZ:00002958]										
	GAZ:00002478	Lebanon [GAZ:00002478]										
	GAZ:00001098	Lesotho [GAZ:00001098]										
	GAZ:00000911	Liberia [GAZ:00000911]										
	GAZ:00000566	Libya [GAZ:00000566]										
	GAZ:00003858	Liechtenstein [GAZ:00003858]										
	GAZ:00007144	Line Islands [GAZ:00007144]										
	GAZ:00002960	Lithuania [GAZ:00002960]										
	GAZ:00002947	Luxembourg [GAZ:00002947]										
	GAZ:00003202	Macau [GAZ:00003202]										
	GAZ:00001108	Madagascar [GAZ:00001108]										
	GAZ:00001105	Malawi [GAZ:00001105]										
	GAZ:00003902	Malaysia [GAZ:00003902]										
	GAZ:00006924	Maldives [GAZ:00006924]										
	GAZ:00000584	Mali [GAZ:00000584]										
	GAZ:00004017	Malta [GAZ:00004017]										
	GAZ:00007161	Marshall Islands [GAZ:00007161]										
	GAZ:00067143	Martinique [GAZ:00067143]										
	GAZ:00000583	Mauritania [GAZ:00000583]										
	GAZ:00003745	Mauritius [GAZ:00003745]										
	GAZ:00003943	Mayotte [GAZ:00003943]										
	GAZ:00002852	Mexico [GAZ:00002852]										
	GAZ:00005862	Micronesia [GAZ:00005862]										
	GAZ:00007112	Midway Islands [GAZ:00007112]										
	GAZ:00003897	Moldova [GAZ:00003897]										
	GAZ:00003857	Monaco [GAZ:00003857]										
	GAZ:00008744	Mongolia [GAZ:00008744]										
	GAZ:00006898	Montenegro [GAZ:00006898]										
	GAZ:00003988	Montserrat [GAZ:00003988]										
	GAZ:00000565	Morocco [GAZ:00000565]										
	GAZ:00001100	Mozambique [GAZ:00001100]										
	GAZ:00006899	Myanmar [GAZ:00006899]										
	GAZ:00001096	Namibia [GAZ:00001096]										
	GAZ:00006900	Nauru [GAZ:00006900]										
	GAZ:00007119	Navassa Island [GAZ:00007119]										
	GAZ:00004399	Nepal [GAZ:00004399]										
	GAZ:00002946	Netherlands [GAZ:00002946]										
	GAZ:00005206	New Caledonia [GAZ:00005206]										
	GAZ:00000469	New Zealand [GAZ:00000469]										
	GAZ:00002978	Nicaragua [GAZ:00002978]										
	GAZ:00000585	Niger [GAZ:00000585]										
	GAZ:00000912	Nigeria [GAZ:00000912]										
	GAZ:00006902	Niue [GAZ:00006902]										
	GAZ:00005908	Norfolk Island [GAZ:00005908]										
	GAZ:00002801	North Korea [GAZ:00002801]										
	GAZ:00006895	North Macedonia [GAZ:00006895]										
	GAZ:00002284	North Sea [GAZ:00002284]										
	GAZ:00003958	Northern Mariana Islands [GAZ:00003958]										
	GAZ:00002699	Norway [GAZ:00002699]										
	GAZ:00005283	Oman [GAZ:00005283]										
	GAZ:00005246	Pakistan [GAZ:00005246]										
	GAZ:00006905	Palau [GAZ:00006905]										
	GAZ:00002892	Panama [GAZ:00002892]										
	GAZ:00003922	Papua New Guinea [GAZ:00003922]										
	GAZ:00010832	Paracel Islands [GAZ:00010832]										
	GAZ:00002933	Paraguay [GAZ:00002933]										
	GAZ:00002932	Peru [GAZ:00002932]										
	GAZ:00004525	Philippines [GAZ:00004525]										
	GAZ:00005867	Pitcairn Islands [GAZ:00005867]										
	GAZ:00002939	Poland [GAZ:00002939]										
	GAZ:00004126	Portugal [GAZ:00004126]										
	GAZ:00006935	Puerto Rico [GAZ:00006935]										
	GAZ:00005286	Qatar [GAZ:00005286]										
	GAZ:00001088	Republic of the Congo [GAZ:00001088]										
	GAZ:00003945	Reunion [GAZ:00003945]										
	GAZ:00002951	Romania [GAZ:00002951]										
	GAZ:00023304	Ross Sea [GAZ:00023304]										
	GAZ:00002721	Russia [GAZ:00002721]										
	GAZ:00001087	Rwanda [GAZ:00001087]										
	GAZ:00000849	Saint Helena [GAZ:00000849]										
	GAZ:00006906	Saint Kitts and Nevis [GAZ:00006906]										
	GAZ:00006909	Saint Lucia [GAZ:00006909]										
	GAZ:00003942	Saint Pierre and Miquelon [GAZ:00003942]										
	GAZ:00005841	Saint Martin [GAZ:00005841]										
	GAZ:02000565	Saint Vincent and the Grenadines [GAZ:02000565]										
	GAZ:00006910	Samoa [GAZ:00006910]										
	GAZ:00003102	San Marino [GAZ:00003102]										
	GAZ:00006927	Sao Tome and Principe [GAZ:00006927]										
	GAZ:00005279	Saudi Arabia [GAZ:00005279]										
	GAZ:00000913	Senegal [GAZ:00000913]										
	GAZ:00002957	Serbia [GAZ:00002957]										
	GAZ:00006922	Seychelles [GAZ:00006922]										
	GAZ:00000914	Sierra Leone [GAZ:00000914]										
	GAZ:00003923	Singapore [GAZ:00003923]										
	GAZ:00012579	Sint Maarten [GAZ:00012579]										
	GAZ:00002956	Slovakia [GAZ:00002956]										
	GAZ:00002955	Slovenia [GAZ:00002955]										
	GAZ:00005275	Solomon Islands [GAZ:00005275]										
	GAZ:00001104	Somalia [GAZ:00001104]										
	GAZ:00001094	South Africa [GAZ:00001094]										
	GAZ:00003990	South Georgia and the South Sandwich Islands [GAZ:00003990]										
	GAZ:00002802	South Korea [GAZ:00002802]										
	GAZ:00233439	South Sudan [GAZ:00233439]										
	GAZ:00003936	Spain [GAZ:00003936]										
	GAZ:00010831	Spratly Islands [GAZ:00010831]										
	GAZ:00003924	Sri Lanka [GAZ:00003924]										
	GAZ:00002475	State of Palestine [GAZ:00002475]										
	GAZ:00000560	Sudan [GAZ:00000560]										
	GAZ:00002525	Suriname [GAZ:00002525]										
	GAZ:00005396	Svalbard [GAZ:00005396]										
	GAZ:00001099	Swaziland [GAZ:00001099]										
	GAZ:00002729	Sweden [GAZ:00002729]										
	GAZ:00002941	Switzerland [GAZ:00002941]										
	GAZ:00002474	Syria [GAZ:00002474]										
	GAZ:00005341	Taiwan [GAZ:00005341]										
	GAZ:00006912	Tajikistan [GAZ:00006912]										
	GAZ:00001103	Tanzania [GAZ:00001103]										
	GAZ:00003744	Thailand [GAZ:00003744]										
	GAZ:00006913	Timor-Leste [GAZ:00006913]										
	GAZ:00000915	Togo [GAZ:00000915]										
	GAZ:00260188	Tokelau [GAZ:00260188]										
	GAZ:00006916	Tonga [GAZ:00006916]										
	GAZ:00003767	Trinidad and Tobago [GAZ:00003767]										
	GAZ:00005812	Tromelin Island [GAZ:00005812]										
	GAZ:00000562	Tunisia [GAZ:00000562]										
	GAZ:00000558	Turkey [GAZ:00000558]										
	GAZ:00005018	Turkmenistan [GAZ:00005018]										
	GAZ:00003955	Turks and Caicos Islands [GAZ:00003955]										
	GAZ:00009715	Tuvalu [GAZ:00009715]										
	GAZ:00002459	United States of America [GAZ:00002459]										
	GAZ:00001102	Uganda [GAZ:00001102]										
	GAZ:00002724	Ukraine [GAZ:00002724]										
	GAZ:00005282	United Arab Emirates [GAZ:00005282]										
	GAZ:00002637	United Kingdom [GAZ:00002637]										
	GAZ:00002930	Uruguay [GAZ:00002930]										
	GAZ:00004979	Uzbekistan [GAZ:00004979]										
	GAZ:00006918	Vanuatu [GAZ:00006918]										
	GAZ:00002931	Venezuela [GAZ:00002931]										
	GAZ:00003756	Viet Nam [GAZ:00003756]										
	GAZ:00003959	Virgin Islands [GAZ:00003959]										
	GAZ:00007111	Wake Island [GAZ:00007111]										
	GAZ:00007191	Wallis and Futuna [GAZ:00007191]										
	GAZ:00009572	West Bank [GAZ:00009572]										
	GAZ:00000564	Western Sahara [GAZ:00000564]										
	GAZ:00005284	Yemen [GAZ:00005284]										
	GAZ:00001107	Zambia [GAZ:00001107]										
	GAZ:00001106	Zimbabwe [GAZ:00001106]										