title	name	meaning	menu_1	menu_2	menu_3	menu_4	menu_5	description	EXPORT_NCBI_BIOSAMPLE_Enterics	EXPORT_NCBI_ANTIBIOGRAM
										
null value menu	NullValueMenu		Not Applicable [GENEPIO:0001619]							Not applicable
			Missing [GENEPIO:0001618]							Missing
			Not Collected [GENEPIO:0001620]							Not collected
			Not Provided [GENEPIO:0001668]							Not provided
			Restricted Access [GENEPIO:0001810]							Restricted access
										
sample_collected_by menu	SampleCollectedByMenu		Agriculture and Agri-Food Canada (AAFC) [GENEPIO:0100553]							
			BCCDC Public Health Laboratory [GENEPIO:0102053]							
			Canadian Food Inspection Agency (CFIA) [GENEPIO:0100552]							
			Environment and Climate Change Canada (ECCC) [GENEPIO:0100555]							
			Fisheries and Oceans Canada (DFO) [GENEPIO:0100556]							
			Health Canada (HC) [GENEPIO:0100554]							
			Laboratoire de santé publique du Québec (LSPQ) [GENEPIO:0102056]							
			Manitoba Cadham Provincial Laboratory [GENEPIO:0102054]							
			New Brunswick - Vitalité Health Network [GENEPIO:0102055]							
			Public Health Agency of Canada (PHAC) [GENEPIO:0100551]							
			University of Manitoba (UM) [GENEPIO:0004434]							
										
purpose_of_sampling menu	PurposeOfSamplingMenu		Cluster/Outbreak investigation [GENEPIO:0100001]							
			Diagnostic testing [GENEPIO:0100002]							
			Environmental testing [GENEPIO:0100548]							
			Research [GENEPIO:0100003]							
				Clinical trial [GENEPIO:0100549]						
				Field experiment [GENEPIO:0100550]						
				Survey study [GENEPIO:0100582]						
			Surveillance [GENEPIO:0100004]							
										
										
presampling_activity menu	PresamplingActivityMenu		Addition of substances to food/water [GENEPIO:0100536]							
			Antimicrobial pre-treatment [GENEPIO:0100537]							
			Certified animal husbandry practices [GENEPIO:0100538]							
				Certified humane animal husbandry practices [GENEPIO:0100894]						
			Certified organic farming practices [GENEPIO:0100539]							
			Conventional farming practices [GENEPIO:0100895]							
			Change in storage conditions [GENEPIO:0100540]							
			Cleaning/disinfection [GENEPIO:0100541]							
			Extended downtime between activities [GENEPIO:0100542]							
			Fertilizer pre-treatment [GENEPIO:0100543]							
			Genetic mutation [GENEPIO:0100544]							
			Logistic slaughter [GENEPIO:0100545]							
			Microbial pre-treatment [GENEPIO:0100546]							
			Probiotic pre-treatment [GENEPIO:0100547]							
			Vaccination [NCIT:C15346]							
			Wastewater treatment process [ENVO:06105300]					A recycling process during which wastewater is treated.		
				Wastewater filtration [GENEPIO:0100881]				A wastewater treatment process which removes solid particles from wastewater by means of filtration.		
				Wastewater grit removal [GENEPIO:0100882]				A wastewater treatment process which removes sand, silt, and grit from wastewater.		
				Wastewater microbial treatment [GENEPIO:0100883]				A wastewater treatment process in which microbes are used to degrade the biological material in wastewater.		
				Wastewater primary sedimentation [GENEPIO:0100884]				A wastewater treatment process which removes solids and large particles from influent through gravitational force.		
				Wastewater secondary sedimentation [GENEPIO:0100885]				A wastewater treatment process which removes biomass produced in aeration from influent through gravitational force.		
										
experimental_specimen_role_type menu	ExperimentalSpecimenRoleTypeMenu		Positive experimental control [GENEPIO:0101018]							
			Negative experimental control [GENEPIO:0101019]							
			Technical replicate [EFO:0002090]							
			Biological replicate [EFO:0002091]							
										
										
specimen_processing menu	SpecimenProcessingMenu		Biological replicate process [GENEPIO:0101022]							
			Samples pooled [OBI:0600016]							
			Technical replicate process [GENEPIO:0101021]							
			Isolated from single source [OBI:0002079]							
										
										
geo_loc_name (country) menu	GeoLocNameCountryMenu		Afghanistan [GAZ:00006882]							
			Albania [GAZ:00002953]							
			Algeria [GAZ:00000563]							
			American Samoa [GAZ:00003957]							
			Andorra [GAZ:00002948]							
			Angola [GAZ:00001095]							
			Anguilla [GAZ:00009159]							
			Antarctica [GAZ:00000462]							
			Antigua and Barbuda [GAZ:00006883]							
			Argentina [GAZ:00002928]							
			Armenia [GAZ:00004094]							
			Aruba [GAZ:00004025]							
			Ashmore and Cartier Islands [GAZ:00005901]							
			Australia [GAZ:00000463]							
			Austria [GAZ:00002942]							
			Azerbaijan [GAZ:00004941]							
			Bahamas [GAZ:00002733]							
			Bahrain [GAZ:00005281]							
			Baker Island [GAZ:00007117]							
			Bangladesh [GAZ:00003750]							
			Barbados [GAZ:00001251]							
			Bassas da India [GAZ:00005810]							
			Belarus [GAZ:00006886]							
			Belgium [GAZ:00002938]							
			Belize [GAZ:00002934]							
			Benin [GAZ:00000904]							
			Bermuda [GAZ:00001264]							
			Bhutan [GAZ:00003920]							
			Bolivia [GAZ:00002511]							
			Borneo [GAZ:00025355]							
			Bosnia and Herzegovina [GAZ:00006887]							
			Botswana [GAZ:00001097]							
			Bouvet Island [GAZ:00001453]							
			Brazil [GAZ:00002828]							
			British Virgin Islands [GAZ:00003961]							
			Brunei [GAZ:00003901]							
			Bulgaria [GAZ:00002950]							
			Burkina Faso [GAZ:00000905]							
			Burundi [GAZ:00001090]							
			Cambodia [GAZ:00006888]							
			Cameroon [GAZ:00001093]							
			Canada [GAZ:00002560]							
			Cape Verde [GAZ:00001227]							
			Cayman Islands [GAZ:00003986]							
			Central African Republic [GAZ:00001089]							
			Chad [GAZ:00000586]							
			Chile [GAZ:00002825]							
			China [GAZ:00002845]							
			Christmas Island [GAZ:00005915]							
			Clipperton Island [GAZ:00005838]							
			Cocos Islands [GAZ:00009721]							
			Colombia [GAZ:00002929]							
			Comoros [GAZ:00005820]							
			Cook Islands [GAZ:00053798]							
			Coral Sea Islands [GAZ:00005917]							
			Costa Rica [GAZ:00002901]							
			Cote d'Ivoire [GAZ:00000906]							
			Croatia [GAZ:00002719]							
			Cuba [GAZ:00003762]							
			Curacao [GAZ:00012582]							
			Cyprus [GAZ:00004006]							
			Czech Republic [GAZ:00002954]							
			Democratic Republic of the Congo [GAZ:00001086]							
			Denmark [GAZ:00005852]							
			Djibouti [GAZ:00000582]							
			Dominica [GAZ:00006890]							
			Dominican Republic [GAZ:00003952]							
			Ecuador [GAZ:00002912]							
			Egypt [GAZ:00003934]							
			El Salvador [GAZ:00002935]							
			Equatorial Guinea [GAZ:00001091]							
			Eritrea [GAZ:00000581]							
			Estonia [GAZ:00002959]							
			Eswatini [GAZ:00001099]							
			Ethiopia [GAZ:00000567]							
			Europa Island [GAZ:00005811]							
			Falkland Islands (Islas Malvinas) [GAZ:00001412]							
			Faroe Islands [GAZ:00059206]							
			Fiji [GAZ:00006891]							
			Finland [GAZ:00002937]							
			France [GAZ:00003940]							
			French Guiana [GAZ:00002516]							
			French Polynesia [GAZ:00002918]							
			French Southern and Antarctic Lands [GAZ:00003753]							
			Gabon [GAZ:00001092]							
			Gambia [GAZ:00000907]							
			Gaza Strip [GAZ:00009571]							
			Georgia [GAZ:00004942]							
			Germany [GAZ:00002646]							
			Ghana [GAZ:00000908]							
			Gibraltar [GAZ:00003987]							
			Glorioso Islands [GAZ:00005808]							
			Greece [GAZ:00002945]							
			Greenland [GAZ:00001507]							
			Grenada [GAZ:02000573]							
			Guadeloupe [GAZ:00067142]							
			Guam [GAZ:00003706]							
			Guatemala [GAZ:00002936]							
			Guernsey [GAZ:00001550]							
			Guinea [GAZ:00000909]							
			Guinea-Bissau [GAZ:00000910]							
			Guyana [GAZ:00002522]							
			Haiti [GAZ:00003953]							
			Heard Island and McDonald Islands [GAZ:00009718]							
			Honduras [GAZ:00002894]							
			Hong Kong [GAZ:00003203]							
			Howland Island [GAZ:00007120]							
			Hungary [GAZ:00002952]							
			Iceland [GAZ:00000843]							
			India [GAZ:00002839]							
			Indonesia [GAZ:00003727]							
			Iran [GAZ:00004474]							
			Iraq [GAZ:00004483]							
			Ireland [GAZ:00002943]							
			Isle of Man [GAZ:00052477]							
			Israel [GAZ:00002476]							
			Italy [GAZ:00002650]							
			Jamaica [GAZ:00003781]							
			Jan Mayen [GAZ:00005853]							
			Japan [GAZ:00002747]							
			Jarvis Island [GAZ:00007118]							
			Jersey [GAZ:00001551]							
			Johnston Atoll [GAZ:00007114]							
			Jordan [GAZ:00002473]							
			Juan de Nova Island [GAZ:00005809]							
			Kazakhstan [GAZ:00004999]							
			Kenya [GAZ:00001101]							
			Kerguelen Archipelago [GAZ:00005682]							
			Kingman Reef [GAZ:00007116]							
			Kiribati [GAZ:00006894]							
			Kosovo [GAZ:00011337]							
			Kuwait [GAZ:00005285]							
			Kyrgyzstan [GAZ:00006893]							
			Laos [GAZ:00006889]							
			Latvia [GAZ:00002958]							
			Lebanon [GAZ:00002478]							
			Lesotho [GAZ:00001098]							
			Liberia [GAZ:00000911]							
			Libya [GAZ:00000566]							
			Liechtenstein [GAZ:00003858]							
			Line Islands [GAZ:00007144]							
			Lithuania [GAZ:00002960]							
			Luxembourg [GAZ:00002947]							
			Macau [GAZ:00003202]							
			Madagascar [GAZ:00001108]							
			Malawi [GAZ:00001105]							
			Malaysia [GAZ:00003902]							
			Maldives [GAZ:00006924]							
			Mali [GAZ:00000584]							
			Malta [GAZ:00004017]							
			Marshall Islands [GAZ:00007161]							
			Martinique [GAZ:00067143]							
			Mauritania [GAZ:00000583]							
			Mauritius [GAZ:00003745]							
			Mayotte [GAZ:00003943]							
			Mexico [GAZ:00002852]							
			Micronesia [GAZ:00005862]							
			Midway Islands [GAZ:00007112]							
			Moldova [GAZ:00003897]							
			Monaco [GAZ:00003857]							
			Mongolia [GAZ:00008744]							
			Montenegro [GAZ:00006898]							
			Montserrat [GAZ:00003988]							
			Morocco [GAZ:00000565]							
			Mozambique [GAZ:00001100]							
			Myanmar [GAZ:00006899]							
			Namibia [GAZ:00001096]							
			Nauru [GAZ:00006900]							
			Navassa Island [GAZ:00007119]							
			Nepal [GAZ:00004399]							
			Netherlands [GAZ:00002946]							
			New Caledonia [GAZ:00005206]							
			New Zealand [GAZ:00000469]							
			Nicaragua [GAZ:00002978]							
			Niger [GAZ:00000585]							
			Nigeria [GAZ:00000912]							
			Niue [GAZ:00006902]							
			Norfolk Island [GAZ:00005908]							
			North Korea [GAZ:00002801]							
			North Macedonia [GAZ:00006895]							
			North Sea [GAZ:00002284]							
			Northern Mariana Islands [GAZ:00003958]							
			Norway [GAZ:00002699]							
			Oman [GAZ:00005283]							
			Pakistan [GAZ:00005246]							
			Palau [GAZ:00006905]							
			Panama [GAZ:00002892]							
			Papua New Guinea [GAZ:00003922]							
			Paracel Islands [GAZ:00010832]							
			Paraguay [GAZ:00002933]							
			Peru [GAZ:00002932]							
			Philippines [GAZ:00004525]							
			Pitcairn Islands [GAZ:00005867]							
			Poland [GAZ:00002939]							
			Portugal [GAZ:00004126]							
			Puerto Rico [GAZ:00006935]							
			Qatar [GAZ:00005286]							
			Republic of the Congo [GAZ:00001088]							
			Reunion [GAZ:00003945]							
			Romania [GAZ:00002951]							
			Ross Sea [GAZ:00023304]							
			Russia [GAZ:00002721]							
			Rwanda [GAZ:00001087]							
			Saint Helena [GAZ:00000849]							
			Saint Kitts and Nevis [GAZ:00006906]							
			Saint Lucia [GAZ:00006909]							
			Saint Pierre and Miquelon [GAZ:00003942]							
			Saint Martin [GAZ:00005841]							
			Saint Vincent and the Grenadines [GAZ:02000565]							
			Samoa [GAZ:00006910]							
			San Marino [GAZ:00003102]							
			Sao Tome and Principe [GAZ:00006927]							
			Saudi Arabia [GAZ:00005279]							
			Senegal [GAZ:00000913]							
			Serbia [GAZ:00002957]							
			Seychelles [GAZ:00006922]							
			Sierra Leone [GAZ:00000914]							
			Singapore [GAZ:00003923]							
			Sint Maarten [GAZ:00012579]							
			Slovakia [GAZ:00002956]							
			Slovenia [GAZ:00002955]							
			Solomon Islands [GAZ:00005275]							
			Somalia [GAZ:00001104]							
			South Africa [GAZ:00001094]							
			South Georgia and the South Sandwich Islands [GAZ:00003990]							
			South Korea [GAZ:00002802]							
			South Sudan [GAZ:00233439]							
			Spain [GAZ:00003936]							
			Spratly Islands [GAZ:00010831]							
			Sri Lanka [GAZ:00003924]							
			State of Palestine [GAZ:00002475]							
			Sudan [GAZ:00000560]							
			Suriname [GAZ:00002525]							
			Svalbard [GAZ:00005396]							
			Swaziland [GAZ:00001099]							
			Sweden [GAZ:00002729]							
			Switzerland [GAZ:00002941]							
			Syria [GAZ:00002474]							
			Taiwan [GAZ:00005341]							
			Tajikistan [GAZ:00006912]							
			Tanzania [GAZ:00001103]							
			Thailand [GAZ:00003744]							
			Timor-Leste [GAZ:00006913]							
			Togo [GAZ:00000915]							
			Tokelau [GAZ:00260188]							
			Tonga [GAZ:00006916]							
			Trinidad and Tobago [GAZ:00003767]							
			Tromelin Island [GAZ:00005812]							
			Tunisia [GAZ:00000562]							
			Turkey [GAZ:00000558]							
			Turkmenistan [GAZ:00005018]							
			Turks and Caicos Islands [GAZ:00003955]							
			Tuvalu [GAZ:00009715]							
			United States of America [GAZ:00002459]							
			Uganda [GAZ:00001102]							
			Ukraine [GAZ:00002724]							
			United Arab Emirates [GAZ:00005282]							
			United Kingdom [GAZ:00002637]							
			Uruguay [GAZ:00002930]							
			Uzbekistan [GAZ:00004979]							
			Vanuatu [GAZ:00006918]							
			Venezuela [GAZ:00002931]							
			Viet Nam [GAZ:00003756]							
			Virgin Islands [GAZ:00003959]							
			Wake Island [GAZ:00007111]							
			Wallis and Futuna [GAZ:00007191]							
			West Bank [GAZ:00009572]							
			Western Sahara [GAZ:00000564]							
			Yemen [GAZ:00005284]							
			Zambia [GAZ:00001107]							
			Zimbabwe [GAZ:00001106]							
										
										
geo_loc_name (state/province/region) menu	GeoLocNameStateProvinceRegionMenu		Atlantic region (Canada) [wikidata:Q246972]							
				New Brunswick [GAZ:00002570]						
				Newfoundland & Labrador [GAZ:00002567]						
				Nova Scotia [GAZ:00002565]						
				Prince Edward Island [GAZ:00002572]						
			Central region (Canada) [wikidata:Q1048064]							
				Ontario [GAZ:00002563]						
				Quebec [GAZ:00002569]						
			Northern region (Canada) [wikidata:Q764146]							
				Northwest Territories [GAZ:00002575]						
				Nunuvut [GAZ:00002574]						
				Yukon [GAZ:00002576]						
			Pacific region (Canada) [wikidata:Q122953299]							
				British Columbia [GAZ:00002562]						
			Prairie region (Canada) [wikidata:Q1364746]							
				Alberta [GAZ:00002566]						
				Manitoba [GAZ:00002571]						
				Saskatchewan [GAZ:00002564]						
										
										
sample_collection_date_precision menu	SampleCollectionDatePrecisionMenu		year [UO:0000036]							
			month [UO:0000035]							
			day [UO:0000033]							
										
										
environmental_site menu	EnvironmentalSiteMenu		Abattoir [ENVO:01000925]							
			Agricultural Field [ENVO:00000114]							
			Alluvial fan [ENVO:00000314]							
			Animal cage [ENVO:01000922]							
			Aquarium [ENVO:00002196]							
			Artificial wetland [ENVO:03501406]							
			Breeding ground [ENVO:03501441]							
			Building [ENVO:00000073]							
				Barn [ENVO:03501257]						
					Breeder barn [ENVO:03501383]					
					Broiler barn [ENVO:03501386]					
					Sheep barn [ENVO:03501385]					
				Biodome [ENVO:03501397]						
				Cottage [ENVO:03501393]						
				Dairy [ENVO:00003862]						
				Hospital [ENVO:00002173]						
				Laboratory facility [ENVO:01001406]						
				Pigsty [ENVO:03501413]						
			Building part (organizational term)							
				Air intake [ENVO:03501380]						
				Animal pen [ENVO:03501387]						
				Building floor [ENVO:01000486]						
				Building wall [ENVO:01000465]						
				Countertop [ENVO:03501404]						
				Shelf [ENVO:03501403]						
				Stall [EOL:0001903]						
				Window sill [ENVO:03501381]						
			Creek [ENVO:03501405]							
			Ditch [ENVO:00000037]					A small, human-made channel which has been dug for draining or irrigating the land.		
				Drainage ditch [ENVO:00000140]				A ditch that collects water from the surrounding land.		
				Irrigation ditch [ENVO:00000139]				A ditch that supplies water to surrounding land.		
			Farm [ENVO:00000078]							
				Beef farm [ENVO:03501443]						
				Breeder farm [ENVO:03501384]						
				Dairy farm [ENVO:03501416]						
				Feedlot [ENVO:01000627]						
					Beef cattle feedlot [ENVO:03501444]					
				Fish farm [ENVO:00000294]						
				Research farm [ENVO:03501417]						
				Central Experimental Farm [GAZ:00004603]	Central Experimental Farm					
			Freshwater environment [ENVO:01000306]							
			Hatchery [ENVO:01001873]							
				Poultry hatchery [ENVO:01001874]						
			Lake [ENVO:00000020]							
			Manure digester facility [ENVO:03501422]							
			Manure lagoon (Anaerobic lagoon) [ENVO:03501423]							
			Manure pit [ENVO:01001872]							
			Marine environment [ENVO:01000320]							
				Benthic zone [ENVO:03501440]						
				Pelagic zone [ENVO:00000208]						
			Park [ENVO:00000562]							
			Plumbing drain [ENVO:01000924 ]							
			Pond [ENVO:00000033]							
			Reservoir [ENVO:00000025]							
				Irrigation reservoir [ENVO:00000450]						
			Retail environment [ENVO:01001448]							
				Shop [ENVO:00002221]						
					Butcher shop [ENVO:03501396]					
					Pet store [ENVO:03501395]					
					Supermarket [ENVO:01000984]					
			River [ENVO:00000022]							
			Roost (bird) [ENVO:03501439]							
			Rural area [ENVO:01000772]							
			Slough [ENVO:03501438]							
			Stream [ENVO:00000023]							
			Trailer [ENVO:03501394]							
			Tributary [ENVO:00000495]							
			Truck [ENVO:01000602]							
			Urban area [ENVO:03501437]							
			Wastewater treatment plant [ENVO:00002272]					A plant in which wastewater is treated.		
			Water surface [ENVO:01001191]							
			Woodland area [ENVO:00000109]							
			Zoo [ENVO:00010625]							
										
										
water_depth_units menu	WaterDepthUnitsMenu		centimeter (cm) [UO:0000015]							
			meter (m) [UO:0000008]							
			kilometer (km) [UO:0010066]							
			inch (in) [UO:0010011]							
			foot (ft) [UO:0010013]							
										
										
sediment_depth_units menu	SedimentDepthUnitsMenu		centimeter (cm) [UO:0000015]							
			meter (m) [UO:0000008]							
			kilometer (km) [UO:0010066]							
			inch (in) [UO:0010011]							
			foot (ft) [UO:0010013]							
										
										
air_temperature_units menu	AirTemperatureUnitsMenu		degree Fahrenheit (F) [UO:0000195]							
			degree Celsius (C) [UO:0000027]							
										
										
water_temperature_units menu	WaterTemperatureUnitsMenu		degree Fahrenheit (F) [UO:0000195]							
			degree Celsius (C) [UO:0000027]							
										
"precipitation_measurement_unit menu
"	"PrecipitationMeasurementUnitMenu
"		millimeter (mm) [UO:0000016]							
			centimeter (cm) [UO:0000015]							
			meter (m) [UO:0000008]							
			inch (in) [UO:0010011]							
			foot (ft) [UO:0010013]							
										
available_data_types menu	AvailableDataTypesMenu		Documentation [GENEPIO:0100702]							
				Experimental parameters documentation [GENEPIO:0100703]						
				Feed history [GENEPIO:0100704]						
				Land use information [GENEPIO:0100705]						
				Therapeutic administration history  [GENEPIO:0100706]						
			Chemical characterization [GENEPIO:0100707]							
				pH measurement [GENEPIO:0100708]						
				Dissolved oxygen measurement [GENEPIO:0100709]						
				Nitrate measurement [GENEPIO:0100710]						
				Nitrite measurement [GENEPIO:0100711]						
				Phosphorous measurement [GENEPIO:0100712]						
				Salinity measurement [GENEPIO:0100713]						
			Microbiological characterization [GENEPIO:0100714]							
				Microbiological identification [GENEPIO:0100715]						
					Microbiological identification (Beckson Dickson BBL Crystal) [GENEPIO:0100716]					
					Microbiological identification (bioMérieux API) [GENEPIO:0100717]					
					Microbiological identification (Biolog) [GENEPIO:0100718]					
					Microbiological identification (FAME) [GENEPIO:0100719]					
					Microbiological identification (Sensititre) [GENEPIO:0100720]					
					Microbiological identification (ViTek) [GENEPIO:0100721]					
					Phage type [GENEPIO:0100722]					
					Serotype [GENEPIO:0100723]					
				Phenotypic microbiological characterization [GENEPIO:0100724]						
					AMR phenotypic testing [GENEPIO:0100725]					
					Biolog phenotype microarray [GENEPIO:0100726]					
			Microbiological quantification [GENEPIO:0100727]							
				Colony count [GENEPIO:0100728]						
					Total coliform count [GENEPIO:0100729]					
					Total fecal coliform count [GENEPIO:0100730]					
				Infectivity assay [GENEPIO:0100731]						
				ELISA toxin binding [GENEPIO:0100732]						
			Molecular characterization [GENEPIO:0100733]							
				16S rRNA Sanger sequencing [GENEPIO:0100734]						
				Metagenomic sequencing [GENEPIO:0101024]						
				PCR marker detection [GENEPIO:0100735]						
					BOX PCR fingerprint [GENEPIO:0100736]					
					ERIC PCR fingerprint [GENEPIO:0100737]					
				Plasmid type [GENEPIO:0100738]						
				Ribotype [GENEPIO:0100739]						
			Molecular quantification [GENEPIO:0100740]							
				qPCR marker organism quantification [GENEPIO:0100741]						
			Physical characterization [GENEPIO:0100742]							
				Conductivity measurement [GENEPIO:0100743]						
				Mollusc shell measurement [GENEPIO:0100744]						
					Mollusc shell length [GENEPIO:0100745]					
				Matter compostion [GENEPIO:0100746]						
					Dry matter composition [GENEPIO:0100747]					
					Organic matter composition [GENEPIO:0100748]					
				Turbidity measurement [GENEPIO:0100749]						
										
										
sampling_weather_conditions menu	SamplingWeatherConditionsMenu		Cloudy/Overcast [ENVO:03501418]							
				Partially cloudy [ENVO:03501419]						
			Drizzle [ENVO:03501420]							
			Fog [ENVO:01000844]							
			Rain [ENVO:01001564]							
			Snow [ENVO:01000406]							
			Storm [ENVO:01000876]							
			Sunny/Clear [ENVO:03501421]							
										
										
animal_or_plant_population menu	AnimalOrPlantPopulationMenu		Algae [FOODON:03411301]							
				Algal bloom [ENVO:2000004]						
			Cattle [NCBITaxon:9913]							
				Beef cattle [FOODON:00004413]						
				Dairy cattle [FOODON:00002505]						
			Chicken [NCBITaxon:9031]							
			Crop [AGRO:00000325]							
			Fish [FOODON:03411222]							
			Pig [NCBITaxon:9823]							
			Poultry [FOODON:00004298]							
			Sheep [NCBITaxon:9940]							
			Shellfish [FOODON:03411433]							
				Crustacean [FOODON:03411374]						
				Mollusc [FOODON:03412112]						
			Tropical fish [FOODON:00004283]							
			Turkey [NCBITaxon:9103]							
			Wildlife [FOODON:00004503]							
				Wild bird [FOODON:00004505]						
					Seabird [FOODON:00004504]					
										
										
										
environmental_material menu	EnvironmentalMaterialMenu		Air [ENVO:00002005]							
			Alluvium [ENVO:01001202]							
			Animal feeding equipment [AGRO:00000675]							
				Animal feeder [AGRO:00000679]						
				Animal drinker [AGRO:00000680]						
				Feed pan [AGRO:00000676]						
				Watering bowl [AGRO:00000677]						
			Animal transportation equipment [AGRO:00000671]							
				Dead haul trailer [GENEPIO:0100896]						
				Dead haul truck [AGRO:00000673]						
				Live haul trailer [GENEPIO:0100897]						
				Live haul truck [AGRO:00000674]						
			Belt [NCIT:C49844]							
			Biosolids [ENVO:00002059]							
			Boot [GSSO:012935]							
				Boot cover [OBI:0002806]						
			Broom [ENVO:03501431]							
			Bulk tank [ENVO:03501379]							
			Chick box [AGRO:00000678]							
			Chick pad [AGRO:00000672]							
			Cleaning equipment [ENVO:03501430]							
			Compost [ENVO:00002170]							
			Contaminated water [ENVO:00002186]							
				Fecal slurry [ENVO:03501436]						
				Fluid from meat rinse [GENEPIO:0004323]						
				Effluent [ENVO:03501407]						
				Influent [ENVO:03501442]						
				Surface runoff [ENVO:03501408]						
				Poultry plucking water [AGRO:00000693]						
				Wastewater [ENVO:00002001]						
				Weep fluid [AGRO:00000692]						
			Crate [ENVO:03501372]							
			Dumpster [ENVO:03501400]							
			Dust [ENVO:00002008]							
			Egg belt [AGRO:00000670]							
			Fan [NCIT:C49947]							
			Freezer [ENVO:03501415]							
				Freezer handle [ENVO:03501414]						
			Manure [ENVO:00003031]							
				Animal manure [AGRO:00000079]						
					Pig manure [ENVO:00003860]					
			Manure digester equipment [ENVO:03501424]							
			Nest [ENVO:03501432]							
				Bird's nest [ENVO:00005805]						
			Permafrost [ENVO:00000134]							
			Plucking belt [AGRO:00000669]							
			Poultry fluff [UBERON:0008291]							
			Poultry litter [AGRO:00000080]							
			Sediment [ENVO:00002007]							
			Soil [ENVO:00001998]							
				Agricultural soil [ENVO:00002259]						
				Forest soil [ENVO:00002261]						
			Straw [ENVO:00003869]							
				Canola straw [FOODON:00004430]						
				Oat straw [FOODON:03309878]						
				Barley straw [FOODON:00004559]						
			Sludge [ENVO:00002044]							
				Primary sludge [ENVO:00002057]						
				Secondary sludge [ENVO:00002058]						
			Water [CHEBI:15377]							
				Drinking water [ENVO:00003064]						
				Groundwater [ENVO:01001004]						
				Surface water [ENVO:00002042]						
										
										
anatomical_material menu	AnatomicalMaterialMenu		Blood [UBERON:0000178]							
			Fluid [UBERON:0006314]							
				Fluid (cerebrospinal (CSF)) [UBERON:0001359]						
				Fluid (amniotic) [UBERON:0000173]						
				Saliva [UBERON:0001836]						
			Tissue [UBERON:0000479]							
										
										
body_product menu	BodyProductMenu		Digestive tract substance [GENEPIO:0100898]							
				Caecal content [GENEPIO:0100899]						
				Intestinal content [GENEPIO:0100900]						
				Stomach content [GENEPIO:0100901]						
			Feces [UBERON:0001988]							
				Fecal composite [GENEPIO:0004512]						
				Feces (fresh) [GENEPIO:0004513]						
				Feces (environmental) [GENEPIO:0004514]						
				Meconium [UBERON:0007109]						
			Milk [UBERON:0001913]							
				Colostrum [UBERON:0001914]						
			Urine [UBERON:0001088]							
										
										
anatomical_part menu	AnatomicalPartMenu		Carcass [UBERON:0008979]							
				Swine carcass [FOODON:03311719]						
			Digestive system [UBERON:0001007]							
				Caecum [UBERON:0001153]						
				Colon [UBERON:0001155]						
				Digestive gland [UBERON:0006925]						
				Foregut [UBERON:0001041]						
				Gall bladder [UBERON:0002110]						
				Gastrointestinal system mucosa [UBERON:0004786]						
				Gizzard [UBERON:0005052]						
				Hindgut [UBERON:0001046]						
				Intestine [UBERON:0000160]						
					Small intestine [UBERON:0002108]					
						Duodenum [UBERON:0002114]				
						Ileum [UBERON:0002116]				
						Jejunum [UBERON:0002115]				
				Stomach [UBERON:0000945]						
					Abomasum [UBERON:0007358]					
					Rumen [UBERON:0007365]					
			Excretory system (organizational term) 							
				Anus [UBERON:0001245]						
				Anal gland [UBERON:0011253]						
				Cloaca [UBERON:0000162]						
				Liver [UBERON:0002107]						
				Kidney [UBERON:0002113]						
				Rectum [UBERON:0001052]						
				Spleen [UBERON:0002106]						
				Urinary bladder [UBERON:0001255]						
			Foot [UBERON:0002387]							
				Head [UBERON:0000033]						
				Brain [UBERON:0000955]						
				Ear [UBERON:0001690]						
				Eye [UBERON:0000970]						
				Mouth [UBERON:0000165]						
				Nose [UBERON:0000004]						
					Nasal turbinal [UBERON:0035612]					
					Nasopharynx (NP) [UBERON:0001728]					
					Pair of nares [UBERON:0002109]					
					Paranasal sinus [UBERON:0001825]					
					Snout [UBERON:0006333]					
			Lymphatic system [UBERON:0006558]							
				Lymph node [UBERON:0000029]						
					Mesenteric lymph node [UBERON:0002509]					
			Mantle (bird) [GENEPIO:0100927]							
			Neck [UBERON:0000974]							
				Esophagus [UBERON:0001043]						
				Trachea [UBERON:0003126]						
			Nerve [UBERON:0001021]							
				Spinal cord [UBERON:0002240]						
			Organs or organ parts [GENEPIO:0001117]							
				Organ [UBERON:0000062]						
					Muscle organ [UBERON:0001630]					
					Skin of body [UBERON:0002097]					
			Reproductive system [UBERON:0000990]							
				Embryo [UBERON:0000922]						
				Fetus [UBERON:0000323]						
				Ovary [UBERON:0000992]						
				Oviduct [UBERON:0000993]						
				Placenta [UBERON:0001987]						
				Testis [UBERON:0000473]						
				Udder [UBERON:0013216]						
				Uterus [UBERON:0000995]						
				Vagina [UBERON:0000996]						
				Yolk sac [UBERON:0001040]						
			Respiratory system [UBERON:0001004]							
				Air sac [UBERON:0009060]						
				Lung [UBERON:0002048]						
				Pleura [UBERON:0000977]						
				Respiratory system mucosa [UBERON:0004785]						
			Skeletal system [UBERON:0001434]							
				Skeletal joint [UBERON:0000982]						
				Bone element [UBERON:0001474]						
			Thoracic segment of trunk [UBERON:0000915]							
				Abdomen [UBERON:0000916]						
					Muscle of abdomen [UBERON:0002378]					
					Peritoneum [UBERON:0002358]					
			Vascular system [UBERON:0007798]							
				Blood vessel [UBERON:0001981]						
				Bursa of Fabricius [UBERON:0003903]						
				Gill [UBERON:0002535]						
				Heart [UBERON:0000948]						
				Lung [UBERON:0002048]						
				Pericardium [UBERON:0002407]						
			Vent (anatomical) [UBERON:2000298]							
				Bird vent [UBERON:0012464]						
				Fish vent [GENEPIO:0100902]						
										
										
anatomical_region menu	AnatomicalRegionMenu		Dorso-lateral region [BSPO:0000080]							
			Exterior anatomical region [BSPO:0000034]							
			Interior anatomical region [BSPO:0000033]							
										
										
food_product menu	FoodProductMenu		Animal feed [ENVO:02000047]							
				Blood meal [FOODON:00001564]						
				Bone meal [ENVO:02000054]						
				Brassica carinata meal [FOODON:00004310]						
				Canola meal [FOODON:00002694]						
				Compound feed premix [FOODON:00004323]						
					Compound feed premix (medicated) [FOODON:00004324]					
				Feather meal [FOODON:00003927]						
				Fish meal [FOODON:03301620]						
				Lay ration [FOODON:00004286]						
				Meat and bone meal [FOODON:00002738]						
				Meat meal [FOODON:00004282]						
				Pet food [FOODON:00002682]						
				Soybean meal [FOODON:03302757]						
			Animal feed ingredient [FOODON:00004322]							
			Dairy food product [FOODON:00001256]							
				Cheese block (whole or parts) [FOODON:03000287]						
				Cow skim milk (powdered) [FOODON:03310016]						
				Milk [UBERON:0001913]						
			Dietary supplement [FOODON:03401298]							
			Egg or egg component [FOODON:03420194]							
				Balut [FOODON:03302184]						
				Egg yolk [UBERON:0007378]						
				Poultry egg [FOODON:03000414]						
					Hen egg (whole) [FOODON:03316061]					
					Poultry egg (whole, shell on) [FOODON:03000415]					
			Food mixture [FOODON:00004130]							
			Food product analog (food subsitute) [FOODON:00001871]							
				Milk substitute [FOODON:03305408]						
			Meat (whole or parts) [FOODON:03317170]							
				Cutlet [FOODON:00003001]						
				Filet [FOODON:03530144]						
				Liver (whole, raw) [FOODON:03309772]						
				Meat trim [FOODON:03309475]						
				Rib (meat cut) [FOODON:03530023]						
					Rib chop [FOODON:00004290]					
				Shoulder (meat cut) [FOODON:03530043]						
			Grains, cereals, and bakery product (organizational term)							
				Bread loaf (whole or parts) [FOODON:03000288]						
				Breakfast cereal [FOODON:03311075]						
				Bulk grain [FOODON:03309390]						
				Oat grain [FOODON:00003429]						
			Legume food product [FOODON:00001264]							
				Chickpea (whole) [FOODON:03306811]						
				Hummus [FOODON:00003049]						
				Soybean (whole or parts) [FOODON:03000245]						
			Meat, poultry and fish (organizational term)							
				Beef (ground or minced) [FOODON:00001282]						
					Beef (ground or minced, boneless) [FOODON:0001282]					
					Beef (ground, extra lean) [FOODON:02000426]					
					Beef (ground, lean) [FOODON:02000425]					
					Beef (ground, medium) [FOODON:02000427]					
					Beef (ground, regular) [FOODON:02000428]					
					Beef (ground, sirloin) [FOODON:02000429]					
				Beef hamburger (dish) [FOODON:00002737]						
				Beef shoulder [FOODON:02000069]						
					Beef shoulder chop [FOODON:03000387]					
				Beef sirloin chop [FOODON:03000389]						
				Beef stew chunk [FOODON:00004288]						
				Beef tenderloin [FOODON:00003302]						
				Beef (pieces) [FOODON:02000412]						
				Brisket [FOODON:03530020]						
				Chicken breast [FOODON:00002703]						
					Chicken breast (back off) [FOODON:03000385]					
					Chicken breast (skinless) [FOODON:02020231]					
					Chicken breast (with skin) [FOODON:02020233]					
					Chicken breast (skinless, boneless) [FOODON:02020235]					
					Chicken breast cutlet [FOODON:00004308]					
				Chicken drumstick [FOODON:00002716]						
					Chicken drumstick (skinless) [FOODON:02020237]					
					Chicken drumstick(with skin) [FOODON:02020239]					
				Chicken meat [FOODON:00001040]						
					Chicken meat (ground) [FOODON:02020311]					
						Chicken meat (ground or minced, lean) [FOODON:03000392]				
						Chicken meat (ground or minced, extra lean) [FOODON:03000396]				
						Chicken meat (ground or minced, medium) [FOODON:03000400]				
						Chicken meat (ground or minced, regular) [FOODON:03000404]				
						Chicken meat (ground or minced, boneless) [FOODON:03000410]				
				Chicken nugget [FOODON:00002672]						
				Chicken thigh  [FOODON:02020219]						
					Chicken thigh (skinless) [FOODON:00003331]					
					Chicken thigh (skinless, with bone) [FOODON:02020227]					
					Chicken thigh (skinless, boneless) [FOODON:02020228]					
						Chicken upper thigh [FOODON:03000381]				
							Chicken upper thigh (with skin) [FOODON:03000383]			
					Chicken thigh (with skin) [FOODON:00003330]					
					Chicken thigh (with skin, with bone) [FOODON:00003363]					
				Chicken wing [FOODON:00002674]						
				Fish food product [FOODON:00001248]						
					Fish steak [FOODON:00002986]					
				Ham food product [FOODON:00002502]						
				Head cheese [FOODON:03315658]						
				Lamb [FOODON:03411669]						
				Meat strip [FOODON:00004285]						
				Mutton [FOODON:00002912]						
				Pork chop [FOODON:00001049]						
				pork meat (ground) [FOODON:02021718]						
					Pork meat (ground or minced, boneless) [FOODON:03000413]					
					Pork meat (ground or minced, extra lean) [FOODON:03000399]					
					Pork meat (ground or minced, lean) [FOODON:03000395]					
					Pork meat (ground or minced, medium) [FOODON:03000403]					
					Pork meat (ground or minced, regular) [FOODON:03000407]					
					Pork meat (ground or minced, Sirloin) [FOODON:03000409]					
				Pork shoulder [FOODON:02000322]						
					Pork shoulder chop [FOODON:03000388]					
				Pork sirloin chop [FOODON:02000300]						
				Pork steak [FOODON:02021757]						
				Pork tenderloin [FOODON:02000306]						
				Poultry meat [FOODON:03315883]						
					Leg (poultry meat cut) [FOODON:03530159]					
						Poultry drumstick [FOODON:00003469]				
					Neck (poultry meat cut) [FOODON:03530294]					
					Thigh (poultry meat cut) [FOODON:03530160]					
					Wing (poultry meat cut) [FOODON:03530157]					
				Sausage (whole) [FOODON:03315904]						
					Pepperoni [FOODON:03311003]					
					Salami [FOODON:03312067]					
				Shellfish [FOODON:03411433]						
					Mussel [FOODON:03411223]					
					Oyster [FOODON:03411224]					
					Shrimp [FOODON:03301673]					
					Scallop [FOODON:02020805]					
					Squid [FOODON:03411205]					
				Turkey breast [FOODON:00002690]						
					Turkey breast (back off) [FOODON:03000386]					
					Turkey breast (skinless) [FOODON:02020495]					
					Turkey breast (skinless, boneless) [FOODON:02020499]					
					Turkey breast (with skin) [FOODON:02020497]					
				Turkey drumstick [FOODON:02020477]						
					Turkey drumstick (skinless) [FOODON:02020501]					
					Turkey drumstick (with skin) [FOODON:02020503]					
				Turkey meat [FOODON:00001286]						
					Turkey meat (ground) [FOODON:02020577]					
					Turkey meat (ground or minced, lean) [FOODON:03000393]					
					Turkey meat (ground or minced, extra lean) [FOODON:03000397]					
					Turkey meat (ground or minced, medium) [FOODON:03000401]					
					Turkey meat (ground or minced, regular) [FOODON:03000405]					
					Turkey meat (ground or minced, boneless) [FOODON:03000411]					
				Turkey thigh [FOODON:00003325]						
					Turkey thigh (skinless) [FOODON:00003329]					
					Turkey thigh (skinless, boneless) [FOODON:02020491]					
					Turkey thigh (with skin) [FOODON:00003328]					
						Turkey upper thigh [FOODON:03000382]				
						Turkey upper thigh (with skin) [FOODON:03000384]				
				Turkey wing [FOODON:02020478]						
				Veal [FOODON:00003083]						
					Formula fed veal [FOODON:000039111]					
					Grain-fed veal [FOODON:00004280]					
			Microbial food product [FOODON:00001145]							
				Yeast [FOODON:03411345]						
			Nuts and seed products							
				Almond (whole or parts) [FOODON:03000218]						
					Almond (whole) [FOODON:00003523]					
				Barley seed [FOODON:00003394]						
				Canola seed [FOODON:00004560]						
				Chia seed powder [FOODON:00003925]						
				Chia seed (whole or parts) [FOODON:03000241]						
				Flaxseed powder [FOODON:00004276]						
				Hazelnut [FOODON:00002933]						
				Nut (whole or part) [FOODON:03306632]						
				Peanut butter [FOODON:03306867]						
				Sesame seed [FOODON:03310306]						
				Tahini [FOODON:00003855]						
				Walnut (whole or parts) [FOODON:03316466]						
			Prepared food product [FOODON:00001180]							
				Condiment [FOODON:03315708]						
				Confectionery food product [FOODON:00001149]						
				Snack food [FOODON:03315013]						
			Produce [FOODON:03305145]							
				Apple (whole or parts) [FOODON:03310788]						
					Apple (whole) [FOODON:00002473]					
				Arugula greens bunch [FOODON:00003643]						
				Avocado [FOODON:00003600]						
				Cantaloupe (whole or parts) [FOODON:03000243]						
				Chilli pepper [FOODON:00003744]						
				Coconut (whole or parts) [FOODON:03309861]						
					Coconut meat [FOODON:00003856]					
				Corn cob (whole or parts) [FOODON:03310791]						
				Cucumber (whole or parts) [FOODON:03000229]						
				Fruit [PO:0009001]						
				Goji berry [FOODON:00004360]						
				Greens (raw) [FOODON:03310765]						
				Kale leaf (whole or parts) [FOODON:03000236]						
				Karela (bitter melon) [FOODON:00004367]						
				Lettuce head (whole or parts) [FOODON:03000239]						
				Mango (whole or parts) [FOODON:03000217]						
				Mushroom (fruitbody) [FOODON:00003528]						
				Papaya (whole or parts) [FOODON:03000228]						
				Pattypan squash (whole or parts) [FOODON:03000232]						
				Peach [FOODON:00002485]						
				Pepper (whole or parts) [FOODON:03000249]						
				Potato [FOODON:03315354]						
				Salad [FOODON:03316042]						
				Scallion (whole or parts) [FOODON:03000250]						
				Spinach (whole or parts) [FOODON:03000221]						
				Sprout [FOODON:03420183]						
					Germinated or sprouted seed [FOODON:03420102]					
						Alfalfa sprout [FOODON:00002670]				
						Bean sprout [FOODON:00002576]				
						Chia sprout [FOODON:03000180]				
						Mixed sprouts [FOODON:03000182]				
						Mung bean sprout [FOODON:03301446]				
				Tomato (whole or pieces) [FOODON:00002318]						
				Vegetable (whole or parts) [FOODON:03315308]						
			Spice or herb [FOODON:00001242]							
				Basil (whole or parts) [FOODON:03000233]						
				Black pepper (whole or parts) [FOODON:03000242]						
				Cardamom (whole or parts) [FOODON:03000246]						
				Chive leaf (whole or parts) [FOODON:03000240]						
				Coriander powder [FOODON:00004274]						
				Coriander seed (whole or parts) [FOODON:03000224]						
				Cumin powder [FOODON:00004275]						
				Cumin seed (whole) [FOODON:00003396]						
					Black cumin seed (whole or parts) [FOODON:03000247]					
				Curry leaf (whole or parts) [FOODON:03000225]						
				Curry powder [FOODON:03301842]						
				Dill spice [FOODON:00004307]						
				Fennel (whole or parts) [FOODON:03000244]						
				Garlic powder [FOODON:03301844]						
				Ginger root (whole or parts) [FOODON:03000220]						
				Mint leaf (whole or parts) [FOODON:03000238]						
				Oregano (whole or parts) [FOODON:03000226]						
				Paprika (ground) [FOODON:03301223]						
				Parsley leaf (whole or parts) [FOODON:03000231]						
				Pepper (ground) [FOODON:03301526]						
				Rasam powder [FOODON:00004277]						
				Sage [FOODON:03301560]						
				Turmeric (ground) [FOODON:03310841]						
				Spice [FOODON:03303380]						
				White peppercorn (whole or parts) [FOODON:03000251]						
										
										
food_product_properties menu	FoodProductPropertiesMenu		Food (canned) [FOODON:00002418]							
			Food (cooked) [FOODON:00001181]							
			Food (cut) [FOODON:00004291]							
				Food (chopped) [FOODON:00002777]						
				Food (chunks) [FOODON:00004555]						
				Food (cubed) [FOODON:00004278]						
				Food (diced) [FOODON:00004549]						
				Food (grated) [FOODON:00004552]						
				Food (sliced) [FOODON:00002455]						
				Food (shredded) [FOODON:00004553]						
			Food (dried) [FOODON:03307539]							
			Food (fresh) [FOODON:00002457]							
			Food (frozen) [FOODON:03302148]							
			Food (pulped) [FOODON:00004554]							
			Food (raw) [FOODON:03311126]							
			Food (unseasoned) [FOODON:00004287]							
			Italian-style food product [FOODON:00004321]							
			Meat (boneless) [FOODON:00003467]							
			Meat (skinless) [FOODON:00003468]							
			Meat (with bone) [FOODON:02010116]							
			Meat (with skin) [FOODON:02010111]							
			Soft [PATO:0000387]							
										
										
										
										
label_claim menu	LabelClaimMenu		Antibiotic free [FOODON:03601063]							
			Cage free [FOODON:03601064]							
			Hormone free [FOODON:03601062]							
			Organic food claim or use [FOODON:03510128]							
			Pasture raised [FOODON:03601065]							
			Ready-to-eat (RTE) [FOODON:03316636]							
										
										
animal_source_of_food menu	AnimalSourceOfFoodMenu		Cow [NCBITaxon:9913]							
			Fish [FOODON:03411222]							
			Pig [NCBITaxon:9823]							
			Poultry or game bird [FOODON:03411563]							
				Chicken [NCBITaxon:9031]						
				Turkey [NCBITaxon:9103]						
			Sheep [NCBITaxon:9940]							
			Shellfish [FOODON:03411433]							
				Mussel [FOODON:03411223]						
				Scallop [NCBITaxon:6566]						
				Shrimp [FOODON:03411237]						
				Squid [FOODON:03411205]						
										
										
food_product_production_stream menu	FoodProductProductionStreamMenu		Beef cattle production stream [FOODON:03000452]							
			Broiler chicken production stream [FOODON:03000455]							
			Dairy cattle production stream [FOODON:03000453]							
			Egg production stream [FOODON:03000458]							
			Layer chicken production stream [FOODON:03000456]							
			Meat production stream [FOODON:03000460]							
				Veal meat production stream [FOODON:03000461]						
			Milk production stream [FOODON:03000459]							
										
										
collection_device menu	CollectionDeviceMenu		Auger (earth auger) [AGRO:00000405]							
			Box corer [GENEPIO:0100928]							
			Container [OBI:0000967]							
				Bag [GSSO:008558]						
					Whirlpak sampling bag [GENEPIO:0002122]					
				Bottle [FOODON:03490214]						
				Vial [OBI:0000522]						
			Culture plate [GENEPIO:0004318]							
				Petri dish [NCIT:C96141]						
			Filter [GENEPIO:0100103]							
			PONAR grab sampler [GENEPIO:0100929]							
			Scoop [GENEPIO:0002125]							
			Soil sample probe [GENEPIO:0100930]							
			Spatula [NCIT:C149941]							
			Sponge [OBI:0002819]							
				Swab [GENEPIO:0100027]						
					Drag swab [OBI:0002822]					
					Surface wipe [OBI:0002824]					
			Tube [GENEPIO:0101196]							
			Vacuum device [GENEPIO:0002127]							
				Vacutainer [OBIB:0000032]						
										
										
collection_method menu	CollectionMethodMenu		Aspiration [HP:0002835]							
			Biopsy [OBI:0002650]							
			Fecal grab [GENEPIO:0004326]							
			Filtration [OBI:0302885]							
				Air filtration [GENEPIO:0100031]						
				Water filtration [GENEPIO:0100931]						
			Lavage [OBI:0600044]							
				Bronchoalveolar lavage [GENEPIO:0100032]						
				Gastric lavage [GENEPIO:0100033]						
			Necropsy [MMO:0000344]							
			Phlebotomy [NCIT:C28221]							
			Rinsing for specimen collection [GENEPIO:0002116]							
			Scooping [GENEPIO:0100932]							
			Sediment collection [GENEPIO:0100933]							
			Soil coring [GENEPIO:0100934]							
			Weep fluid collection (pouring) [GENEPIO:0101003]							
										
sample_volume_measurement_unit menu	SampleVolumeMeasurementUnitMenu		microliter (uL) [UO:0000101]							
			milliliter (mL) [UO:0000098]							
			liter (L) [UO:0000099]							
										
residual_sample_status menu	ResidualSampleStatusMenu		Residual sample remaining (some sample left) [GENEPIO:0101087]							
			No residual sample (sample all used) [GENEPIO:0101088]							
			Residual sample status unkown [GENEPIO:0101089]							
										
sample_storage_duration_unit menu	SampleStorageDurationUnitMenu		Second [UO:0000010]							
			Minute [UO:0000031]							
			Hour [UO:0000032]							
			Day [UO:0000033]							
			Week [UO:0000034]							
			Month [UO:0000035]							
			Year [UO:0000036]							
										
nucelic_acid_storage_duration_unit menu	NucelicAcidStorageDurationUnitMenu		Second [UO:0000010]							
			Minute [UO:0000031]							
			Hour [UO:0000032]							
			Day [UO:0000033]							
			Week [UO:0000034]							
			Month [UO:0000035]							
			Year [UO:0000036]							
										
food_packaging menu	FoodPackagingMenu		Bag, sack or pouch [FOODON:03490197]							
				Paper bag, sack or pouch [FOODON:03490120]						
				Plastic bag, sack or pouch [FOODON:03490166]						
					Plastic shrink wrap [FOODON:03490137]					
					Plastic wrapper [FOODON:03490128]					
			Bottle or jar [FOODON:03490203]							
			Can (container) [FOODON:03490204]							
			Paper container, treated [FOODON:03490330]							
			Paper container, untreated [FOODON:03490334]							
			Plastic tray or pan [FOODON:03490126]							
										
										
host (common name) menu	HostCommonNameMenu		Bird [NCBITaxon:8782]							
				Chicken [NCBITaxon:9031]						
				Seabird [FOODON:00004504]						
					Cormorant [NCBITaxon:9206]					
						Double Crested Cormorant [NCBITaxon:56069]				
					Crane [NCBITaxon:9109]					
						Whooping Crane [NCBITaxon:9117]				
					Gull (Seagull) [NCBITaxon:8911]					
						Glaucous-winged Gull [NCBITaxon:119606]				
						Great Black-backed Gull [NCBITaxon:8912]				
						Herring Gull [NCBITaxon:35669]				
						Ring-billed Gull [NCBITaxon:126683]				
					Eider [NCBITaxon:50366]					
						Common Eider [NCBITaxon:76058]				
				Turkey [NCBITaxon:9103]						
			Fish [FOODON:03411222]							
				Rainbow Trout [NCBITaxon:8022]						
				Sablefish [NCBITaxon:229290]						
				Salmon [FOODON:00003473]						
					Atlantic Salmon [NCBITaxon:8030]					
					Chinook salmon [NCBITaxon:74940]					
					Coho Salmon [NCBITaxon:8019]					
			Mammal [FOODON:03411134]							
				Companion animal [FOODON:03000300]						
				Cow [NCBITaxon:9913]						
				Human [NCBITaxon:9606]						
				Pig [NCBITaxon:9823]						
				Sheep [NCBITaxon:9940]						
			Shellfish [FOODON:03411433]							
				Atlantic Lobster [NCBITaxon:6706]						
				Atlantic Oyster [NCBITaxon:6565]						
				Blue Mussel [NCBITaxon:6550]						
										
										
host (scientific name) menu	HostScientificNameMenu		Anoplopoma fimbria [NCBITaxon:229290]							
			Bos taurus [NCBITaxon:9913]							
			Crassostrea virginica [NCBITaxon:6565]							
			Gallus gallus [NCBITaxon:9031]							
			Grus americana [NCBITaxon:9117]							
			Homarus americanus [NCBITaxon:6706]							
			Homo sapiens [NCBITaxon:9606]							
			Larus argentatus [NCBITaxon:35669]							
			Larus delawarensis [NCBITaxon:126683]							
			Larus glaucescens [NCBITaxon:119606]							
			Larus marinus [NCBITaxon:8912]							
			Meleagris gallopavo [NCBITaxon:9103]							
			Mytilus edulis [NCBITaxon:6550]							
			Oncorhynchus kisutch [NCBITaxon:8019]							
			Oncorhynchus mykiss [NCBITaxon:8022]							
			Oncorhynchus tshawytscha [NCBITaxon:74940]							
			Ovis aries [NCBITaxon:9940]							
			Phalacrocorax auritus [NCBITaxon:56069]							
			Salmo salar [NCBITaxon:8030]							
			Somateria mollissima [NCBITaxon:76058]							
			Sus scrofa domesticus [NCBITaxon:9825]							
										
										
host (food production name) menu	HostFoodProductionNameMenu		Cow (by age/production stage) (organizational term)							
				Calf [FOODON:03411349]						
				Dry cow [FOODON:00004411]						
				Feeder cow [FOODON:00004292]						
				Finisher cow [FOODON:00004293]						
				Milker cow [FOODON:03411201]						
				Stocker cow [FOODON:00004294]						
				Weanling cow [FOODON:00004295]						
			Cow (by sex/reproductive stage) (organizational term)							
				Bull [FOODON:00000015]						
				Cow [NCBITaxon:9913]						
				Freemartin [FOODON:00004296]						
				Heifer [FOODON:00002518]						
				Steer [FOODON:00002531]						
			Pig (by age/production stage) (organizational term)							
				Finisher pig [FOODON:00003371]						
				Grower pig [FOODON:00003370]						
				Nursing pig [FOODON:00004297 ]						
				Pig [NCBITaxon:9823]						
				Piglet [FOODON:00003952]						
				Weanling (weaner) pig [FOODON:00003373]						
			Pig (by sex/reproductive stage) (organizational term)							
				Barrow [FOODON:03411280]						
				Boar [FOODON:03412248]						
				Gilt [FOODON:00003369]						
				Sow [FOODON:00003333]						
			Poultry or game bird [FOODON:03411563]							
				Broiler or fryer chicken [FOODON:03411198]						
				Capon [FOODON:03411711]						
				Chick [FOODON:00004299]						
				Chicken [NCBITaxon:9031]						
				Egg [UBERON:0007379]						
				Hatchling [FOODON:00004300]						
				Hen [FOODON:00003282]						
				Layer chicken [FOODON:00004301]						
				Layer turkey [FOODON:00004302]						
				Poult [FOODON:00002962]						
				Pullet [FOODON:00004303]						
				Rooster [FOODON:03411714]						
				Tom (Gobbler) [FOODON:00004304 ]						
				Turkey [NCBITaxon:9103]						
			Sheep [NCBITaxon:9940]							
				Ram [FOODON:00004305]						
				Wether sheep [FOODON:00004306]						
				Ewe [FOODON:03412610]						
				Lamb [FOODON:03411669]						
			Fish [FOODON:03411222]							
				Fish egg [FOODON:00004319]						
				Fry (fish) [FOODON:00004318]						
				Juvenile fish [FOODON:00004317]						
										
										
host_age_bin menu	HostAgeBinMenu		First winter [GENEPIO:0100684]							
			First summer [GENEPIO:0100685]							
			Second winter [GENEPIO:0100686]							
			Second summer [GENEPIO:0100687]							
			Third winter [GENEPIO:0100688]							
			Third summer [GENEPIO:0100689]							
										
										
isolated_by menu	IsolatedByMenu		Public Health Agency of Canada (PHAC) [GENEPIO:0100551]							
			Canadian Food Inspection Agency (CFIA) [GENEPIO:0100552]							
			Agriculture and Agri-Food Canada (AAFC) [GENEPIO:0100553]							
			Health Canada (HC) [GENEPIO:0100554]							
			Environment and Climate Change Canada (ECCC) [GENEPIO:0100555]							
			Fisheries and Oceans Canada (DFO) [GENEPIO:0100556]							
										
										
organism menu	OrganismMenu		Acinetobacter [NCBITaxon:469]							
				Acinetobacter baumannii [NCBITaxon:470]						
				Acinetobacter bereziniae [NCBITaxon:106648]						
				Acinetobacter ursingii [NCBITaxon:108980]						
			Aeromonas [NCBITaxon:642]							
				Aeromonas allosaccharophila [NCBITaxon:656]						
				Aeromonas hydrophila [NCBITaxon:644]						
				Aeromonas rivipollensis [NCBITaxon:948519]						
				Aeromonas salmonicida [NCBITaxon:645]						
			Campylobacter [NCBITaxon:194]							
				Campylobacter coli [NCBITaxon:195]						
				Campylobacter jejuni [NCBITaxon:197]						
				Campylobacter lari [NCBITaxon:201]						
			Citrobacter [NCBITaxon:544]							
				Citrobacter braakii [NCBITaxon:57706]						
				Citrobacter freundii [NCBITaxon:546]						
				Citrobacter gillenii [NCBITaxon:67828]						
			Clostridioides [NCBITaxon:1870884]							
				Clostridioides difficile [NCBITaxon:1496]						
			Clostridium [NCBITaxon:1485]							
				Clostridium perfringens [NCBITaxon:1502]						
				Clostridium sporogenes [NCBITaxon:1509]						
			Comamonas [NCBITaxon:283]							
				Comamonas aquatica [NCBITaxon:225991]						
			Enterobacter [NCBITaxon:547]							
				Enterobacter asburiae [NCBITaxon:61645]						
				Enterobacter cancerogenus [NCBITaxon:69218]						
				Enterobacter cloacae [NCBITaxon:550]						
				Enterobacter hormaechei [NCBITaxon:158836]						
				Enterobacter kobei [NCBITaxon:208224]						
				Enterobacter roggenkampii [NCBITaxon:1812935]						
				Enterobacter sp. [NCBITaxon:42895]						
				Lelliottia amnigena [NCBITaxon:61646]						
				Pluralibacter gergoviae [NCBITaxon:61647]						
			Enterococcus [NCBITaxon:1350]							
				Enterococcus asini [NCBITaxon:57732]						
				Enterococcus avium [NCBITaxon:33945]						
				Enterococcus caccae [NCBITaxon:317735]						
				Enterococcus canis [NCBITaxon:214095]						
				Enterococcus casseliflavus [NCBITaxon:37734]						
				Enterococcus cecorum [NCBITaxon:44008]						
				Enterococcus dispar [NCBITaxon:44009]						
				Enterococcus durans [NCBITaxon:53345]						
				Enterococcus faecium [NCBITaxon:1352]						
				Enterococcus faecalis [NCBITaxon:1351]						
				Enterococcus gallinarum [NCBITaxon:1353]						
				Enterococcus hirae [NCBITaxon:1354]						
				Enterococcus malodoratus [NCBITaxon:71451]						
				Enterococcus mundtii [NCBITaxon:53346]						
				Enterococcus ratti [NCBITaxon:150033]						
				Enterococcus saccharolyticus [NCBITaxon:41997]						
				Enterococcus thailandicus [NCBITaxon:417368]						
				Enterococcus villorum [NCBITaxon:112904]						
			Escherichia [NCBITaxon:561]							
				Escherichia coli [NCBITaxon:562]						
				Escherichia fergusonii [NCBITaxon:564]						
			Exiguobacterium [NCBITaxon:33986]							
				Exiguobacterium oxidotolerans [NCBITaxon:223958]						
				Exiguobacterium sp. [NCBITaxon:44751]						
			Klebsiella [NCBITaxon:570]							
				Klebsiella aerogenes [NCBITaxon:548]						
				Klebsiella michiganensis [NCBITaxon:1134687]						
				Klebsiella oxytoca [NCBITaxon:571]						
				Klebsiella pneumoniae [NCBITaxon:573]						
				Klebsiella pneumoniae subsp. pneumoniae [NCBITaxon:72407]						
				Klebsiella pneumoniae subsp. ozaenae [NCBITaxon:574]						
			Kluyvera [NCBITaxon:579]							
				Kluyvera intermedia [NCBITaxon:61648]						
			Kosakonia [NCBITaxon:1330547]							
				Kosakonia cowanii [NCBITaxon:208223]						
			Leclercia [NCBITaxon:83654]							
				Leclercia adecarboxylata [NCBITaxon:83655]						
			Listeria [NCBITaxon:1637]							
				Listeria monocytogenes [NCBITaxon:1639]						
			Ochrobactrum [NCBITaxon:528]							
				Ochrobactrum sp. [NCBITaxon:42190]						
			Pantoea [NCBITaxon:53335]							
				Pantoea ananatis [NCBITaxon:553]						
				Pantoea sp. [NCBITaxon:69393]						
			Photobacterium [NCBITaxon:657]							
				Photobacterium indicum [NCBITaxon:81447]						
				Photobacterium sp. [NCBITaxon:660]						
			Providencia [NCBITaxon:586]							
				Providencia rettgeri [NCBITaxon:587]						
			Pseudoalteromonas [NCBITaxon:53246]							
				Pseudoalteromonas tetraodonis [NCBITaxon:43659]						
			Pseudomonas [NCBITaxon:286]							
				Pseudomonas aeruginosa [NCBITaxon:287]						
				Pseudomonas fluorescens [NCBITaxon:294]						
				Pseudomonas soli [NCBITaxon:1306993]						
				Pseudomonas sp. [NCBITaxon:306]						
			Psychrobacter [NCBITaxon:497]							
				Psychrobacter faecalis [NCBITaxon:180588]						
				Psychrobacter nivimaris [NCBITaxon:281738]						
				Psychrobacter sp. [NCBITaxon:56811]						
			Rahnella [NCBITaxon:34037]							
				Rahnella aquatilis [NCBITaxon:34038]						
				Rahnella sp. [NCBITaxon:1873497]						
			Raoultella [NCBITaxon:160674]							
				Raoultella ornithinolytica [NCBITaxon:54291]						
				Raoultella planticola [NCBITaxon:575]						
			Salmonella enterica [NCBITaxon:28901]							
				Salmonella enterica subsp. enterica [NCBITaxon:59201]						
				Salmonella enterica subsp. arizonae [NCBITaxon:59203]						
			Serratia [NCBITaxon:613]							
			Shewanella [NCBITaxon:22]							
				Shewanella pealeana [NCBITaxon:70864]						
				Shewanella putrefaciens [NCBITaxon:24]						
				Shewanella oncorhynchi [NCBITaxon:2726434]						
				Shewanella sp. [NCBITaxon:50422]						
			Staphylococcus [NCBITaxon:1279]							
				Staphylococcus aureus [NCBITaxon:1280]						
			Streptococcus [NCBITaxon:1301]							
				Streptococcus alactolyticus [NCBITaxon:29389]						
				Streptococcus bovis [NCBITaxon:1335]						
				Streptococcus equinus [NCBITaxon:1335]						
				Streptococcus gallolyticus [NCBITaxon:315405]						
				Streptococcus infantarius [NCBITaxon:102684]						
				Streptococcus lutetiensis [NCBITaxon:150055]						
				Streptococcus macedonicus [NCBITaxon:59310]						
				Streptococcus pasteurianus [NCBITaxon:197614]						
				Streptococcus suis [NCBITaxon:1307]						
			Vibrio [NCBITaxon:662]							
				Vibrio cholerae [NCBITaxon:666]						
				Vibrio parahaemolyticus [NCBITaxon:670]						
										
taxonomic_identification_process menu	TaxonomicIdentificationProcessMenu		Whole genome sequencing assay [OBI:0002117]							
			16S ribosomal gene sequencing assay [OBI:0002763]							
			PCR assay [OBI:0002740]							
			Comparative phenotypic assessment [OBI:0001546]							
			Matrix Assisted Laser Desorption Ionization imaging mass spectrometry assay (MALDI) [OBI:0003099]							
										
										
sequenced_by menu	SequencedByMenu		Public Health Agency of Canada (PHAC) [GENEPIO:0100551]							
			Canadian Food Inspection Agency (CFIA) [GENEPIO:0100552]							
			Agriculture and Agri-Food Canada (AAFC) [GENEPIO:0100553]							
			Health Canada (HC) [GENEPIO:0100554]							
			Environment and Climate Change Canada (ECCC) [GENEPIO:0100555]							
			Fisheries and Oceans Canada (DFO) [GENEPIO:0100556]							
			McGill University [GENEPIO:0101103]							
										
										
purpose_of_sequencing menu	PurposeOfSequencingMenu		Cluster/Outbreak investigation [GENEPIO:0100001]							
			Diagnostic testing [GENEPIO:0100002]							
			Environmental testing [GENEPIO:0100548]							
			Research [GENEPIO:0100003]							
				Clinical trial [GENEPIO:0100549]						
				Field experiment [GENEPIO:0100550]						
				Protocol testing experiment [GENEPIO:0100024]						
				Survey study [GENEPIO:0100582]						
			Surveillance [GENEPIO:0100004]							
										
										
sequencing_platform menu	SequencingPlatformMenu		Illumina [GENEPIO:0001923]							
			Pacific Biosciences [GENEPIO:0001927]							
			Ion Torrent [GENEPIO:0002683]							
			Oxford Nanopore Technologies [OBI:0002755]							
			BGI Genomics [GENEPIO:0004324]							
			MGI [GENEPIO:0004325]							
										
										
sequencing_instrument menu	SequencingInstrumentMenu		Illumina [GENEPIO:0100105]					A DNA sequencer manufactured by the Illumina corporation.		
				Illumina Genome Analyzer [OBI:0002128]				A DNA sequencer manufactured by Solexa as one of its first sequencer lines, launched in 2006, and capable of sequencing 1 gigabase (Gb) of data in a single run.		
				Illumina Genome Analyzer II [OBI:0000703]				A DNA sequencer which is manufactured by Illumina (Solexa) corporation. it support sequencing of single or paired end clone libraries relying on sequencing by synthesis technology		
				Illumina Genome Analyzer IIx [OBI:0002000]				An Illumina Genome Analyzer II which is manufactured by the Illumina corporation. It supports sequencing of single, long or short insert paired end clone libraries relying on sequencing by synthesis technology. The Genome Analyzer IIx is the most widely adopted next-generation sequencing platform and proven and published across the broadest range of research applications.		
				Illumina HiScanSQ [GENEPIO:0100109]				A DNA sequencer manufactured by the Illumina corporation using sequence-by-synthesis chemistry, and contains a HiScan Reader for sequencing and microarray-based analyses as well as an "SQ Module" to support microfluidics.		
				Illumina HiSeq [GENEPIO:0100110]				A DNA sequencer manufactured by the Illumina corporation using sequence-by-synthesis chemistry, enabling deep sequencing and high yield.		
					Illumina HiSeq X [GENEPIO:0100111]			A DNA sequencer manufactured by the Illumina corporation using sequence-by-synthesis chemistry that oenabled sufficent depth and coverage to produce the first 30x human genome for $1000.		
					Illumina HiSeq X Five [GENEPIO:0100112]			A DNA sequencer manufactured by the Illumina corporation using sequence-by-synthesis chemistry that consists of a set of 5 HiSeq X Sequencing Systems.		
					Illumina HiSeq X Ten [OBI:0002129]			A DNA sequencer that consists of a set of 10 HiSeq X Sequencing Systems.		
					Illumina HiSeq 1000 [OBI:0002022]			A DNA sequencer which is manufactured by the Illumina corporation, with a single flow cell and a throughput of up to 35 Gb per day. It supports sequencing of single, long or short insert paired end clone libraries relying on sequencing by synthesis technology.		
					Illumina HiSeq 1500 [OBI:0003386]			A DNA sequencer which is manufactured by the Illumina corporation, with a single flow cell. Built upon sequencing by synthesis technology, the machine employs dual surface imaging and offers two high-output options and one rapid-run option.		
					Illumina HiSeq 2000 [OBI:0002001]			A DNA sequencer which is manufactured by the Illumina corporation, with two flow cells and a throughput of up to 55 Gb per day. Built upon sequencing by synthesis technology, the machine is optimized for generation of data for multiple samples in a single run.		
					Illumina HiSeq 2500 [OBI:0002002]			A DNA sequencer which is manufactured by the Illumina corporation, with two flow cells and a throughput of up to 160 Gb per day. Built upon sequencing by synthesis technology, the machine is optimized for generation of data for batching multiple samples or rapid results on a few samples.		
					Illumina HiSeq 3000 [OBI:0002048]			A DNA sequencer manufactured by Illumina corporation, with a single flow cell and a throughput of more than 200 Gb per day.		
					Illumina HiSeq 4000 [OBI:0002049]			A DNA sequencer manufactured by Illumina corporation, with two flow cell and a throughput of more than 400 Gb per day.		
				Illumina iSeq [GENEPIO:0100120]				A DNA sequencer manufactured by the Illumina corporation using sequence-by-synthesis chemistry that is lightweight.		
					Illumina iSeq 100 [GENEPIO:0100121]			A DNA sequencer manufactured by the Illumina corporation using sequence-by-synthesis chemistry that is lightweight and has an output capacity between 144MB-1.2GB.		
				Illumina NovaSeq [GENEPIO:0100122]				A DNA sequencer manufactured by the Illunina corporation using sequence-by-synthesis chemistry that has an output capacirty of 6 Tb and 20 billion reads in dual flow cell mode.		
					Illumina NovaSeq 6000 [OBI:0002630]			A DNA sequencer which is manufactured by the Illumina corporation, with two flow cells and an output of up to 6000 Gb (32-40 B reads per run). The sequencer utilizes synthesis technology and patterned flow cells to optimize throughput and even spacing of sequencing clusters.		
				Illumina MiniSeq [OBI:0003114]				A small benchtop DNA sequencer which is manufactured by the Illumina corporation with integrated cluster generation, sequencing and data analysis. The sequencer accommodates various flow cell configurations and can produce up to 25M single reads or 50M paired-end reads per run.		
				Illumina MiSeq [OBI:0002003]				A DNA sequencer which is manufactured by the Illumina corporation. Built upon sequencing by synthesis technology, the machine provides an end-to-end solution (cluster generation, amplification, sequencing, and data analysis) in a single machine.		
				Illumina NextSeq [GENEPIO:0100126]				A DNA sequencer which is manufactured by the Illumina corporation using sequence-by-synthesis chemistry that fits on a benchtop and has an output capacity of 1.65-7.5 Gb.		
					Illumina NextSeq 500 [OBI:0002021]			A DNA sequencer which is a desktop sequencer ideal for smaller-scale studies manufactured by the Illumina corporation. It supports sequencing of single, long or short insert paired end clone libraries relying on sequencing by synthesis technology.		
					Illumina NextSeq 550 [GENEPIO:0100128]			A DNA sequencer which is a desktop sequencer ideal for smaller-scale studies manufactured by the Illumina corporation. It supports sequencing of single, long or short insert paired end clone libraries relying on sequencing by synthesis technology. The 550 is an upgrade on the 500 model.		
					Illumina NextSeq 1000 [OBI:0003606]			A DNA sequencer which is manufactured by the Illumina corporation using sequence-by-synthesis chemistry that fits on a benchtop and uses P1 and P2 flow cells.		
					Illumina NextSeq 2000 [GENEPIO:0100129]			A DNA sequencer which is manufactured by the Illumina corporation using sequence-by-synthesis chemistry that fits on a benchtop and has an output capacity of 30-360 Gb.		
			PacBio [GENEPIO:0100130]					A DNA sequencer manufactured by the Pacific Biosciences corporation.		
				PacBio RS [GENEPIO:0100131]				A DNA sequencer manufactured by the Pacific Biosciences corporation which utilizes “SMRT Cells” for single-molecule real-time sequencing. The RS was the first model made by the company.		
				PacBio RS II [OBI:0002012]				A DNA sequencer which is manufactured by the Pacific Biosciences corporation. Built upon single molecule real-time sequencing technology, the machine is optimized for generation with long reads and high consensus accuracy.		
				PacBio Sequel [OBI:0002632]				A DNA sequencer built upon single molecule real-time sequencing technology, optimized for generation with long reads and high consensus accuracy, and manufactured by the Pacific Biosciences corporation		
				PacBio Sequel II [OBI:0002633]				A DNA sequencer built upon single molecule real-time sequencing technology, optimized for generation of highly accurate ("HiFi") long reads, and which is manufactured by the Pacific Biosciences corporation.		
			Ion Torrent [GENEPIO:0100135]					A DNA sequencer manufactured by the Ion Torrent corporation.		
				Ion Torrent PGM [GENEPIO:0100136]				A DNA sequencer manufactured by the Ion Torrent corporation which utilizes Ion semiconductor sequencing and has an output capacity of 300 MB - 1GB.		
				Ion Torrent Proton [GENEPIO:0100137]				A DNA sequencer manufactured by the Ion Torrent corporation which utilizes Ion semiconductor sequencing and has an output capacity of up to 15 Gb.		
				Ion Torrent S5 XL [GENEPIO:0100138]				A DNA sequencer manufactured by the Ion Torrent corporation which utilizes Ion semiconductor sequencing and requires only a small amount of input material while producing data faster than the S5 model.		
				Ion Torrent S5 [GENEPIO:0100139]				A DNA sequencer manufactured by the Ion Torrent corporation which utilizes Ion semiconductor sequencing and requires only a small amount of input material.		
			Oxford Nanopore [GENEPIO:0100140]					A DNA sequencer manufactured by the Oxford Nanopore corporation.		
				Oxford Nanopore Flongle [GENEPIO:0004433]				An adapter for MinION or GridION DNA sequencers manufactured by the Oxford Nanopore corporation that enables sequencing on smaller, single-use flow cells.		
				Oxford Nanopore GridION [GENEPIO:0100141]				A DNA sequencer that is manufactured by the Oxford Nanopore Technologies corporation, that can run and analyze up to five individual flow cells producing up to 150 Gb of data per run. The sequencer produces real-time results and utilizes nanopore technology with the option of running the flow cells concurrently or individual		
				Oxford Nanopore MinION [OBI:0002750]				A portable DNA sequencer which is manufactured by the Oxford Nanopore Technologies corporation, that uses consumable flow cells producing up to 30 Gb of DNA sequence data per flow cell. The sequencer produces real-time results and utilizes nanopore technology with up to 512 nanopore channels in the sensor array.		
				Oxford Nanopore PromethION [OBI:0002752]				A DNA sequencer that is manufactured by the Oxford Nanopore Technologies corporation, capable of running up to 48 flow cells and producing up to 7.6 Tb of data per run. The sequencer produces real-time results and utilizes Nanopore technology, with each flow cell allowing up to 3,000 nanopores to be sequencing simultaneously.		
			BGISEQ [GENEPIO:0100144]					A DNA sequencer manufactured by the BGI Genomics corporation.		
				BGISEQ-500 [GENEPIO:0100145]				A DNA sequencer manufactured by the BGI Genomics corporation that utilizes Probe-Anchor Synthesis (cPAS) chemistry and "DNA Nanoballs".		
			DNBSEQ [GENEPIO:0100146]					A DNA sequencer manufactured by the MGI corporation.		
				DNBSEQ-T7 [GENEPIO:0100147]				A high throughput DNA sequencer manufactured by the MGI corporation with an output capacity of 1~6TB of data per day.		
				DNBSEQ-G400 [GENEPIO:0100148]				A DNA sequencer manufactured by the MGI corporation with an output capacity of 55GB~1440GB per run.		
				DNBSEQ-G400 FAST [GENEPIO:0100149]				A DNA sequencer manufactured by the MGI corporation with an outout capacity of 55GB~330GB per run, which enables faster sequencing than the DNBSEQ-G400.		
				DNBSEQ-G50 [GENEPIO:0100150]				A DNA sequencer manufactured by the MGI corporation with an output capacity of 10～150 GB per run and enables different read lengths.		
										
										
sequencing_assay_type menu	SequencingAssayTypeMenu		Amplicon sequencing assay [OBI:0002767]							
				16S ribosomal gene sequencing assay [OBI:0002763]						
			Whole genome sequencing assay [OBI:0002117]							
			Whole metagenome sequencing assay [OBI:0002623]							
				Whole virome sequencing assay [OBI:0002768]						
										
genomic_target_enrichment_method menu	GenomicTargetEnrichmentMethodMenu		Hybrid selection method (bait-capture) [GENEPIO:0001950]							
			rRNA depletion method [GENEPIO:0101020]							
										
										
sequence_submitted_by menu	SequenceSubmittedByMenu		Public Health Agency of Canada (PHAC) [GENEPIO:0100551]							
			Canadian Food Inspection Agency (CFIA) [GENEPIO:0100552]							
			Agriculture and Agri-Food Canada (AAFC) [GENEPIO:0100553]							
			Health Canada (HC) [GENEPIO:0100554]							
			Environment and Climate Change Canada (ECCC) [GENEPIO:0100555]							
			Fisheries and Oceans Canada (DFO) [GENEPIO:0100556]							
			McGill University [GENEPIO:0101103]							
										
quality_control_determination menu	QualityControlDeterminationMenu		No quality control issues identified [GENEPIO:0100562]							
			Sequence passed quality control [GENEPIO:0100563]							
			Sequence failed quality control [GENEPIO:0100564]							
			Minor quality control issues identified [GENEPIO:0100565]							
			Sequence flagged for potential quality control issues [GENEPIO:0100566]							
			Quality control not performed [GENEPIO:0100567]							
										
quality _control_issues menu	QualityControlIssuesMenu		Low quality sequence [GENEPIO:0100568]							
			Sequence contaminated [GENEPIO:0100569]							
			Low average genome coverage [GENEPIO:0100570]							
			Low percent genome captured [GENEPIO:0100571]							
			Read lengths shorter than expected [GENEPIO:0100572]							
			Sequence amplification artifacts [GENEPIO:0100573]							
			Low signal to noise ratio [GENEPIO:0100574]							
			Low coverage of characteristic mutations [GENEPIO:0100575]							
										
										
attribute_package menu	AttributePackageMenu		Pathogen.cl [GENEPIO:0001835]							
			Pathogen.env [GENEPIO:0100581]							
										
										
experimental_intervention menu	ExperimentalInterventionMenu		Addition of substances to food/water [GENEPIO:0100536]							
			Antimicrobial pre-treatment [GENEPIO:0100537]							
			Certified animal husbandry practices [GENEPIO:0100538]							
			Certified organic farming practices [GENEPIO:0100539]							
			Change in storage conditions [GENEPIO:0100540]							
			Cleaning/disinfection [GENEPIO:0100541]							
			Extended downtime between activities [GENEPIO:0100542]							
			Fertilizer pre-treatment [GENEPIO:0100543]							
			Logistic slaughter [GENEPIO:0100545]							
			Microbial pre-treatment [GENEPIO:0100546]							
			Probiotic pre-treatment [GENEPIO:0100547]							
			Vaccination [NCIT:C15346]							
										
										
AMR_testing_by menu	AmrTestingByMenu		Public Health Agency of Canada (PHAC) [GENEPIO:0100551]							
			Canadian Food Inspection Agency (CFIA) [GENEPIO:0100552]							
			Agriculture and Agri-Food Canada (AAFC) [GENEPIO:0100553]							
			Health Canada (HC) [GENEPIO:0100554]							
			Environment and Climate Change Canada (ECCC) [GENEPIO:0100555]							
			Fisheries and Oceans Canada (DFO) [GENEPIO:0100556]							
										
										
antimicrobial_phenotype menu	AntimicrobialPhenotypeMenu		Antibiotic resistance not defined [GENEPIO:0002040]							not defined
				Intermediate antimicrobial phenotype [ARO:3004300]						intermediate
				Indeterminate antimicrobial phenotype [GENEPIO:0100585]						indeterminate
			Nonsusceptible antimicrobial phenotype [ARO:3004303]							nonsusceptible
			Resistant antimicrobial phenotype [ARO:3004301]							resistant
			Susceptible antimicrobial phenotype [ARO:3004302]							susceptible
			Susceptible dose dependent antimicrobial phenotype [ARO:3004304]							susceptible-dose dependent
										
										
antimicrobial_measurement_units menu	AntimicrobialMeasurementUnitsMenu		milligram per litre (mg/L) [UO:0000273]							mg/L
			millimetre (mm) [UO:0000016]							mm
			microgram per millilitre (ug/mL) [UO:0000274]							
										
										
antimicrobial_measurement_sign menu	AntimicrobialMeasurementSignMenu		less than (<) [GENEPIO:0001002]							<
			less than or equal to (<=) [GENEPIO:0001003]							<=
			equal to (==) [GENEPIO:0001004]							==
			greater than (>) [GENEPIO:0001006]							>
			greater than or equal to (>=) [GENEPIO:0001005]							>=
										
										
antimicrobial_laboratory_typing_method menu	AntimicrobialLaboratoryTypingMethodMenu		Agar diffusion [NCIT:85595]							disk diffusion
				Antimicrobial gradient (E-test) [NCIT:85596]						
			Agar dilution [ARO:3004411]							agar dilution
			Broth dilution [ARO:3004397]							broth dilution
										
										
antimicrobial_laboratory_typing_platform menu	AntimicrobialLaboratoryTypingPlatformMenu		BIOMIC Microbiology System [ARO:3007569]							BIOMIC
			Microscan [ARO:3004400]							Microscan
			Phoenix [ARO:3004401]							Phoenix
			Sensititre [ARO:3004402]							Sensititre
			Vitek System [ARO:3004403]							Vitek
										
										
antimicrobial_vendor_name menu	AntimicrobialVendorNameMenu		Becton Dickinson [ARO:3004405]							Becton Dickinson
			bioMérieux [ARO:3004406]							Biomérieux
			Omron [ARO:3004408]							Omron
			Siemens [ARO:3004407]							Siemens
			Trek [ARO:3004409]							Trek
										
										
antimicrobial_testing_standard menu	AntimicrobialTestingStandardMenu		British Society for Antimicrobial Chemotherapy (BSAC) [ARO:3004365]							BSAC
			Clinical Laboratory and Standards Institute (CLSI) [ARO:3004366]							CLSI
			Deutsches Institut für Normung (DIN) [ARO:3004367]							DIN
			European Committee on Antimicrobial Susceptibility Testing (EUCAST) [ARO:3004368]							EUCAST
			National Antimicrobial Resistance Monitoring System (NARMS) [ARO:3007195]							NARMS
			National Committee for Clinical Laboratory Standards (NCCLS) [ARO:3007193]							NCCLS
			Société Française de Microbiologie (SFM) [ARO:3004369]							SFM
			Swedish Reference Group for Antibiotics (SIR) [ARO:3007397]							SIR
			Werkgroep Richtlijnen Gevoeligheidsbepalingen (WRG) [ARO:3007398]							WRG
										
										
Antimicrobial Resistance Test Drug Menu	AntimicrobialResistanceTestDrugMenu		amikacin							amikacin
			amoxicillin-clavulanic_acid							amoxicillin-clavulanic acid
			ampicillin							ampicillin
			azithromycin							azithromycin
			cefazolin							cefazolin
			cefepime							cefepime
			cefotaxime							cefotaxime
			cefotaxime-clavulanic_acid							cefotaxime-clavulanic acid
			cefoxitin							cefoxitin
			cefpodoxime							cefpodoxime
			ceftazidime							ceftazidime
			ceftazidime-clavulanic_acid							ceftazidime-clavulanic acid
			ceftiofur							ceftiofur
			ceftriaxone							ceftriaxone
			cephalothin							cephalothin
			chloramphenicol							chloramphenicol
			ciprofloxacin							ciprofloxacin
			clindamycin							clindamycin
			doxycycline							doxycycline
			enrofloxacin							enrofloxacin
			erythromycin							erythromycin
			florfenicol							florfenicol
			gentamicin							gentamicin
			imipenem							imipenem
			kanamycin							kanamycin
			levofloxacin							levofloxacin
			linezolid							linezolid
			meropenem							meropenem
			nalidixic_acid							nalidixic acid
			neomycin							neomycin
			nitrofurantoin							nitrofurantoin
			norfloxacin							norfloxacin
			oxolinic-acid							oxolinic-acid
			oxytetracycline							oxytetracycline
			penicillin							penicillin
			piperacillin							piperacillin
			piperacillin-tazobactam							piperacillin-tazobactam
			polymyxin-b							polymyxin-b
			quinupristin-dalfopristin							quinupristin-dalfopristin
			streptomycin							streptomycin
			sulfisoxazole							sulfisoxazole
			telithromycin							telithromycin
			tetracycline							tetracycline
			tigecycline							tigecycline
			trimethoprim-sulfamethoxazole							trimethoprim-sulfamethoxazole
										